Anno,Quartiere,NIL,Uomini,Donne,Totale,Minori,Stranieri,Famiglie,Famiglie unipersonali,80 e più soli,Nati,Morti,Emigrati,Immigrati,80 e più,65 e più,Scuola dell'infanzia (numero),Scuola primaria (numero),Scuola secondaria di primo grado (numero),Area (metri quadrati),fermate linee superficie,fermate metro,piste ciclabili (m)
2011,Adriano,17,7188,7042,14230,2712,2538,8498,3897,545,160,70,315,893,476,2141,4,1,0,2431560 .11,34,0,1360
2011,Affori,80,11497,11564,23061,3721,6276,9044,4063,609,229,201,502,1009,1226,4623,5,3,2,2070893 .65,21,2,1550
2011,Baggio,55,14029,15565,29594,4468,4545,23,7,0,230,320,607,944,2003,7741,7,3,2,3478599 .96,55,0,0
2011,Bande Nere,52,19693,23762,43455,5994,5915,7461,3288,522,347,593,918,1403,4443,12772,14,7,7,2663880 .93,73,3,0
2011,Barona,46,8090,9241,17331,2381,1944,6458,2623,485,87,253,330,286,1312,5179,3,3,1,2006324 .59,59,0,1240
2011,Bicocca,15,3502,3410,6912,1242,1076,10133,4802,608,62,44,264,372,257,1118,0,0,0,1534521 .13,39,3,3070
2011,Bovisa,77,6410,6177,12587,1834,4025,8504,3483,596,126,82,320,678,745,2337,4,2,1,1913132 .63,27,1,3470
2011,Bovisasca,81,3467,3868,7335,1089,883,1,0,0,51,97,147,152,525,1901,3,1,1,1576826 .44,23,0,0
2011,Brera,2,8247,9847,18094,2840,2523,2578,1179,176,152,146,492,676,1224,4063,6,6,5,1637395 .23,63,4,1354
2011,Bruzzano,83,5985,6256,12241,1888,2039,8439,3703,486,103,112,255,380,649,2741,3,2,1,1667691 .29,21,1,0
2011,Buenos Aires - Venezia,21,28741,32833,61574,9071,8053,10941,4908,732,490,535,1408,2244,4270,13854,10,5,4,2877542 .27,119,5,1220
2011,Cantalupa,47,234,230,464,74,67,13048,6022,1021,5,4,19,23,8,70,0,0,0,926716 .81,2,0,1460
2011,Cascina Triulza - Expo,73,306,82,388,31,33,7260,3265,580,1,1,27,94,1,13,0,0,0,1729126 .9,1,0,2204
2011,Centrale,10,8657,8807,17464,2514,4014,18298,8179,1452,156,161,449,853,1089,3514,3,4,4,1556077 .52,65,5,878
2011,Chiaravalle,34,569,539,1108,148,134,3193,1276,119,6,15,18,32,41,210,1,0,0,311640 .12,4,0,0
2011,Città Studi,22,16859,19962,36821,4890,5389,13825,6368,777,315,414,849,1386,3271,9524,7,8,5,2207487 .44,88,2,564
2011,Comasina,82,4580,4796,9376,1645,2748,6447,2550,227,91,92,207,374,711,1966,3,2,2,926734 .56,24,1,0
2011,Corsica,25,8547,10266,18813,2530,2731,10004,4460,1030,164,178,398,671,1639,4797,6,3,2,1081329 .7,35,2,1930
2011,De Angeli - Monte Rosa,58,9324,11424,20748,3139,2536,17536,7934,1222,194,199,428,747,1750,5202,3,2,3,1323078 .54,249,2,1550
2011,Dergano,79,11048,10204,21252,3394,6751,20832,9376,1140,214,157,429,1074,1110,3840,3,3,3,1358615 .04,29,3,325
2011,Duomo,1,8149,9053,17202,2780,2495,30489,13499,2056,140,145,447,795,1067,3698,4,4,3,2341704 .07,106,8,0
2011,Ex OM - Morivione,37,3611,4050,7661,1269,1151,18593,8494,1609,68,112,175,261,543,1627,2,1,1,817976 .68,10,0,510
2011,Farini,78,1993,1827,3820,537,1272,4901,2277,277,47,27,112,221,157,594,0,0,0,1010230 .89,17,0,325
2011,Figino,63,852,891,1743,270,238,500,271,24,15,16,39,54,115,349,2,2,1,1424713 .85,11,0,0
2011,Forze Armate,56,11073,12470,23543,3385,3533,9323,4117,772,187,251,513,906,1565,6044,7,5,2,3206902 .39,66,2,0
2011,Gallaratese,65,15505,17470,32975,4361,2467,15476,6907,1139,204,389,606,593,2842,11489,6,6,3,3894538 .21,87,5,2570
2011,Garibaldi Repubblica,9,2510,2772,5282,722,724,8309,3752,546,43,44,180,217,347,1087,1,0,0,785668 .25,27,2,1290
2011,Ghisolfa,70,7981,9126,17107,2596,2711,11291,5222,888,169,173,338,595,1429,3985,0,0,0,1051452 .21,32,0,203
2011,Giambellino,49,14792,16464,31256,4742,7055,2031,968,165,263,342,744,1291,2282,7287,2,2,2,1965274 .21,57,4,1890
2011,Giardini Porta Venezia,3,24,29,53,14,9,9568,4186,964,0,0,5,10,1,5,1,0,0,249646 .83,3,0,0
2011,Gratosoglio - Ticinello,41,8961,9906,18867,3041,2288,2167,953,78,87,213,396,388,1332,5605,3,4,2,3312818 .32,37,0,2153
2011,Greco,13,7128,7621,14749,2250,3269,764,480,17,147,128,415,578,1206,3417,2,2,2,1768669 .43,35,0,3460
2011,Guastalla,4,6962,8195,15157,2270,1995,4433,2012,187,121,123,322,537,1130,3596,6,7,9,1548020 .74,52,2,0
2011,Isola,11,10649,11509,22158,3103,4005,527,235,19,190,175,552,968,1474,4671,3,2,2,1322966 .34,53,1,285
2011,Lambrate,23,4986,5213,10199,1710,1987,17736,8070,1455,101,127,242,436,655,1966,4,4,2,3096861 .87,39,0,1595
2011,Lodi - Corvetto,35,17029,18360,35389,4925,7963,5271,2486,226,280,472,858,1861,2969,8971,9,7,4,3639092 .52,54,4,1680
2011,Lorenteggio,53,6108,7102,13210,2013,1688,3569,1575,195,87,189,230,335,1397,3880,5,4,3,2635327 .1,44,0,2100
2011,Loreto,20,21737,20888,42625,5946,13816,6483,2495,374,405,328,1149,2525,2342,7726,8,5,3,1747565 .53,56,2,640
2011,Maciachini - Maggiolina,12,12224,13677,25901,3668,4901,178,88,6,233,283,518,985,2059,6158,9,3,2,1674980 .95,51,1,458
2011,Magenta - S. Vittore,7,8127,9554,17681,3084,2191,308,92,15,144,164,377,624,1220,3839,7,6,4,1390146 .88,58,4,1840
2011,Maggiore - Musocco,72,2363,2537,4900,749,704,8646,3179,531,59,49,462,162,293,1237,2,2,1,3030188 .71,47,0,0
2011,Mecenate,30,8741,10242,18983,2743,2540,15397,7487,1033,130,282,372,524,2099,5906,4,4,2,3821389 .97,86,0,1940
2011,Muggiano,54,1446,1470,2916,724,170,6148,3075,514,49,12,56,96,54,300,1,1,0,444218 .42,7,0,1040
2011,Navigli,44,7902,8935,16837,2328,2378,8502,4088,525,188,149,424,787,1058,3425,4,1,0,1483927 .87,58,2,8020
2011,Niguarda - Cà Granda,14,17117,19283,36400,5156,4313,7109,3639,390,289,398,819,948,3050,10195,10,6,4,4251281 .95,115,0,859
2011,Ortomercato,29,2008,2008,4016,554,1314,7949,3050,569,30,50,99,225,325,954,1,1,0,1402519 .65,15,0,1400
2011,Padova,19,17342,17969,35311,4891,10683,235,101,5,335,324,913,1822,2583,8117,5,4,3,2061945 .5,49,2,650
2011,Pagano,68,7912,9203,17115,3155,1836,7323,3167,440,119,157,322,559,1298,3934,2,2,2,1289734 .29,53,1,1887
2011,Parco Agricolo Sud,87,156,138,294,71,27,16013,7663,1188,4,1,32,20,8,35,0,0,0,5844580 .12,1,0,2750
2011,Parco Bosco in Città,88,384,255,639,145,347,7293,3036,551,11,2,208,100,15,58,0,0,0,7837668 .61,22,0,100
2011,Parco dei Navigli,86,157,136,293,58,44,13469,6136,1080,2,0,14,23,11,29,0,0,0,3617836 .27,2,0,0
2011,Parco delle Abbazie,85,246,199,445,120,210,22068,9998,2100,10,1,12,20,6,35,0,0,0,13722000,22,0,1940
2011,Parco Forlanini - Ortica,24,504,433,937,139,268,6170,2394,623,15,4,50,51,38,127,0,0,0,2925814 .52,16,1,3800
2011,Parco Lambro - Cimiano,18,9051,10676,19727,2635,2778,1273,489,31,149,275,451,666,2071,5808,7,4,3,4971969 .5,61,3,1940
2011,Parco Monlué - Ponte Lambro,31,2502,2364,4866,983,1690,14845,6637,952,60,30,152,255,137,679,1,1,0,2639289 .21,21,0,3430
2011,Parco Nord,84,75,67,142,23,41,11892,5415,764,2,2,0,7,2,14,1,1,0,1533639 .39,12,0,1200
2011,Parco Sempione,8,3,0,3,2,0,13372,6670,1115,0,0,0,0,0,0,0,0,0,470434 .33,8,0,1350
2011,Porta Romana,27,7808,8811,16619,2331,1967,10356,4761,797,163,141,406,700,1059,3484,1,2,1,1002793 .53,36,1,420
2011,Portello,67,3570,4118,7688,1054,739,616,259,57,69,75,143,223,777,2168,3,3,0,909636 .6,22,0,0
2011,QT 8,66,1841,2249,4090,599,406,5783,1963,333,28,42,60,98,479,1124,3,2,1,1024437 .42,18,1,917
2011,Quarto Cagnino,61,4644,4907,9551,1408,822,4601,1889,223,66,80,158,236,517,2443,3,1,1,986391 .48,29,0,630
2011,Quarto Oggiaro,76,15343,16582,31925,5293,6419,2398,993,112,244,363,688,790,2385,7316,7,5,3,2778263 .75,47,2,840
2011,Quinto Romano,62,2432,2536,4968,701,422,882,415,50,34,34,100,106,220,1086,1,1,0,1645859 .77,19,0,1680
2011,Quintosole,39,504,172,676,73,117,2007,775,94,8,7,69,79,9,78,0,0,0,1057528 .77,4,0,0
2011,Ripamonti,38,6534,6995,13529,2043,1499,16731,7351,1240,125,120,258,430,779,3416,4,2,1,1853233 .5,34,0,930
2011,Rogoredo,33,4543,4410,8953,1690,1414,1986,839,232,111,56,187,432,352,1277,2,1,1,1200161 .64,8,0,0
2011,Ronchetto delle Rane,40,395,373,768,199,116,3895,1726,407,6,4,12,9,24,84,0,0,0,188870 .6,1,0,0
2011,Ronchetto sul Naviglio,48,6981,7551,14532,1948,1693,8150,3488,626,111,138,296,385,911,4040,4,4,3,2406775 .2,39,0,4430
2011,S. Cristoforo,45,6248,6785,13033,1926,2250,14401,6622,970,121,102,339,491,764,2911,5,1,1,1596174 .14,37,0,4200
2011,S. Siro,60,6245,6771,13016,2452,2463,8483,3684,715,101,96,304,434,836,2849,7,9,4,3435307 .37,65,0,0
2011,Sacco,74,145,128,273,49,53,19436,8822,1465,4,2,3,6,7,47,0,0,0,708465 .8,4,0,2204
2011,Sarpi,69,13509,15685,29194,4454,4936,2699,1296,171,299,294,637,1188,2024,6162,3,4,3,1811914 .53,70,0,0
2011,Scalo Romana,36,5427,5130,10557,1471,3162,35,12,1,92,67,480,681,437,1878,0,1,0,1736727 .98,26,0,2000
2011,Selinunte,57,12365,13438,25803,3875,7995,118,37,1,220,303,568,1144,2088,6090,2,1,1,984925 .54,47,0,0
2011,Stadera,42,14135,14958,29093,4422,5040,30,15,1,250,278,585,1143,2020,6705,9,5,3,3232237 .35,47,1,2600
2011,Stephenson,75,31,26,57,5,14,15656,6878,1135,0,1,1,2,2,12,0,0,0,560097 .89,0,0,0
2011,Tibaldi,43,5529,6097,11626,1441,1854,6864,3724,426,99,115,309,478,928,2910,2,1,1,786214 .31,22,0,0
2011,Ticinese,6,9351,10669,20020,2677,2463,1866,864,80,144,189,530,872,1236,4249,8,3,2,1255064 .75,37,0,184
2011,Tortona,50,6851,8268,15119,2300,1354,10452,4940,536,117,134,287,439,1142,3693,4,2,0,996786 .39,23,1,730
2011,Tre Torri,59,594,731,1325,238,158,11146,4692,588,7,10,24,48,103,312,0,0,0,513316 .34,14,0,780
2011,Trenno,64,2157,2102,4259,568,261,3345,1222,192,27,37,188,133,203,995,2,0,0,489710 .56,13,0,225
2011,Triulzo Superiore,32,839,561,1400,227,934,4411,1892,356,14,6,50,161,30,113,0,0,0,1395022 .03,14,1,0
2011,Umbria - Molise,28,10580,11912,22492,3112,4327,5839,2322,287,194,247,497,969,1807,5413,3,1,1,1192396 .73,43,1,2910
2011,Viale Monza,16,13301,14016,27317,4043,5851,61,29,2,279,212,660,1160,1569,6025,9,6,2,3005623 .49,64,4,0
2011,Vigentina,5,6400,7323,13723,2184,1643,195,100,3,93,131,324,521,1093,3341,4,3,2,1135239 .32,39,0,0
2011,Villapizzone,71,19111,20081,39192,6076,11134,130,66,9,407,427,898,1716,2923,8434,11,8,3,3427070 .6,84,0,902
2011,Washington,51,11845,14696,26541,4309,2859,125,56,6,240,292,502,876,2173,6508,4,3,3,1306450 .76,59,0,2440
2011,XXII Marzo,26,14292,16949,31241,4699,3169,271,144,9,250,302,662,1096,2351,7519,5,3,3,1637499 .71,68,0,1140
2011,N.D.,,0,0,0,0,0,0,0,0,58,0,0,0,0,0,0,0,0,0,0,0,0
2012,Adriano,17,7773,7534,15307,2923,3083,6937,2772,240,166,93,358,735,513,2252,4,1,0,2431560 .11,34,0,1360
2012,Affori,80,12101,11963,24064,3947,6974,11575,4887,600,261,177,599,924,1273,4698,5,3,2,2070893 .65,21,2,1550
2012,Baggio,55,14205,15643,29848,4541,5068,14941,6671,978,237,357,786,848,2090,7789,7,3,2,3478599 .96,55,0,0
2012,Bande Nere,52,19932,24016,43948,6052,6552,22278,10107,2145,321,682,1156,1325,4534,12705,15,7,7,2663880 .93,73,3,0
2012,Barona,46,8013,9164,17177,2330,2037,7943,3054,606,88,265,424,260,1374,5219,3,3,1,2006324 .59,59,0,1240
2012,Bicocca,15,3714,3643,7357,1316,1222,3413,1430,128,82,42,345,367,285,1161,0,0,0,1534521 .13,39,3,3070
2012,Bovisa,77,6695,6312,13007,1917,4500,7043,3842,435,141,95,370,629,763,2345,4,2,1,1913132 .63,27,1,3470
2012,Bovisasca,81,3538,3885,7423,1120,971,3377,1222,216,42,91,180,177,562,1913,3,1,1,1576826 .44,23,0,0
2012,Brera,2,8292,9938,18230,2876,2666,9064,4046,609,160,151,638,720,1233,4142,6,6,5,1637395 .23,63,4,1354
2012,Bruzzano,83,6137,6312,12449,1961,2217,5912,2315,300,105,125,308,308,673,2832,3,2,1,1667691 .29,21,1,0
2012,Buenos Aires - Venezia,21,29122,33214,62336,9175,8583,30800,13646,2089,506,508,1800,2188,4350,14034,10,5,4,2877542 .27,119,5,1220
2012,Cantalupa,47,242,229,471,71,74,236,107,5,2,5,33,20,6,76,0,0,0,926716 .81,2,0,1460
2012,Cascina Triulza - Expo,73,391,76,467,19,45,26,10,0,1,2,72,112,0,17,0,0,0,1729126 .9,1,0,2204
2012,Centrale,10,9042,8874,17916,2536,4470,8667,3840,500,146,149,608,945,1119,3636,3,3,3,1556077 .52,65,5,878
2012,Chiaravalle,34,598,557,1155,155,167,537,236,24,7,9,27,39,51,220,1,0,0,311640 .12,4,0,0
2012,Città Studi,22,17049,20016,37065,4931,5859,18663,8534,1602,304,447,1067,1349,3260,9515,7,9,6,2207487 .44,88,2,564
2012,Comasina,82,4727,4868,9595,1704,3097,4513,1939,352,85,90,292,366,703,1970,3,2,2,926734 .56,24,1,0
2012,Corsica,25,8687,10416,19103,2567,2952,9468,4177,759,160,212,514,641,1650,4816,6,3,2,1081329 .7,35,2,1930
2012,De Angeli - Monte Rosa,58,9396,11573,20969,3200,2774,10479,4830,830,157,208,590,714,1788,5277,3,2,3,1323078 .54,249,2,1550
2012,Dergano,79,11589,10493,22082,3533,7509,10812,5102,553,211,169,559,1022,1151,3864,3,3,3,1358615 .04,29,3,325
2012,Duomo,1,8155,9063,17218,2727,2557,8454,3871,533,155,142,691,795,1075,3758,4,4,3,2341704 .07,106,8,0
2012,Ex OM - Morivione,37,3693,4149,7842,1333,1311,3639,1568,193,87,131,232,294,553,1623,2,1,1,817976 .68,10,0,510
2012,Farini,78,2097,1876,3973,566,1424,1919,881,83,39,27,152,227,158,614,0,0,0,1010230 .89,17,0,325
2012,Figino,63,853,892,1745,273,282,886,413,46,17,20,60,36,100,347,2,2,1,1424713 .85,11,0,0
2012,Forze Armate,56,11334,12661,23995,3511,3966,12075,5515,798,177,260,666,679,1642,6096,7,5,2,3206902 .39,66,2,0
2012,Gallaratese,65,15447,17543,32990,4412,2756,16761,7398,1351,203,376,850,671,3075,11591,6,6,3,3894538 .21,87,5,2570
2012,Garibaldi Repubblica,9,2506,2835,5341,709,801,2641,1205,184,38,45,207,228,364,1131,1,0,0,785668 .25,27,2,1290
2012,Ghisolfa,70,8121,9235,17356,2672,2973,8576,3731,717,180,189,485,575,1449,3961,0,0,0,1051452 .21,32,0,203
2012,Giambellino,49,15206,16807,32013,4946,7908,16301,7786,1218,310,293,932,1205,2341,7298,2,2,2,1965274 .21,57,4,1890
2012,Giardini Porta Venezia,3,27,30,57,15,12,27,8,0,1,0,1,1,1,5,1,0,0,249646 .83,3,0,0
2012,Gratosoglio - Ticinello,41,9078,9936,19014,3038,2605,8770,3258,575,104,209,498,425,1446,5652,3,4,2,3312818 .32,37,0,2153
2012,Greco,13,7349,7800,15149,2309,3640,7398,3299,593,123,129,464,629,1224,3441,2,2,2,1768669 .43,35,0,3460
2012,Guastalla,4,7016,8296,15312,2284,2193,7549,3343,522,111,162,486,631,1125,3650,6,7,9,1548020 .74,52,2,0
2012,Isola,11,10963,11671,22634,3179,4433,11133,4974,736,213,195,723,968,1498,4732,3,2,2,1322966 .34,53,1,285
2012,Lambrate,23,5170,5365,10535,1772,2162,5060,2324,294,124,133,359,420,675,2003,4,4,2,3096861 .87,39,0,1595
2012,Lodi - Corvetto,35,17604,18684,36288,5104,9040,18132,8245,1449,298,470,1018,1461,2977,8950,9,7,4,3639092 .52,54,4,1680
2012,Lorenteggio,53,6185,7068,13253,2024,1819,6254,2429,634,81,211,308,350,1428,3826,5,4,2,2635327 .1,44,0,2100
2012,Loreto,20,22936,21510,44446,6213,15444,21639,9764,1165,402,306,1464,2500,2391,7799,8,5,3,1747565 .53,56,2,640
2012,Maciachini - Maggiolina,12,12488,13896,26384,3761,5373,13278,6120,1047,209,235,718,952,2119,6259,9,3,2,1674980 .95,51,1,458
2012,Magenta - S. Vittore,7,8129,9532,17661,3039,2287,8495,3476,580,134,160,563,603,1203,3868,6,6,4,1390146 .88,58,4,1840
2012,Maggiore - Musocco,72,2384,2535,4919,756,745,2706,1280,179,53,34,161,121,308,1276,2,2,1,3030188 .71,47,0,0
2012,Mecenate,30,8805,10331,19136,2798,2826,9616,4229,1011,142,263,469,453,2219,5866,4,4,2,3821389 .97,86,0,1940
2012,Muggiano,54,1525,1540,3065,754,204,1333,513,37,45,13,72,84,62,308,1,1,0,444218 .42,7,0,1040
2012,Navigli,44,8127,9179,17306,2437,2656,8645,4189,532,192,137,620,828,1094,3454,4,1,0,1483927 .87,58,2,8020
2012,Niguarda - Cà Granda,14,17354,19448,36802,5293,4829,18483,8266,1499,284,418,925,1014,3133,10263,10,6,4,4251281 .95,115,0,859
2012,Ortomercato,29,2105,2032,4137,577,1459,2093,1021,170,29,44,151,191,333,940,1,1,0,1402519 .65,15,0,1400
2012,Padova,19,18024,18416,36440,5124,12012,18022,8157,1239,336,351,1155,1683,2605,8101,6,4,3,2061945 .5,49,2,650
2012,Pagano,68,7985,9232,17217,3188,1884,8203,3481,635,137,152,476,472,1326,3939,2,2,2,1289734 .29,53,1,1887
2012,Parco Agricolo Sud,87,159,148,307,70,30,124,53,6,2,1,20,17,9,36,0,0,0,5844580 .12,1,0,2750
2012,Parco Bosco in Città,88,289,245,534,137,255,231,113,5,14,3,172,61,11,61,0,0,0,7837668 .61,22,0,100
2012,Parco dei Navigli,86,163,138,301,62,51,137,69,5,2,4,19,24,8,29,0,0,0,3617836 .27,2,0,0
2012,Parco delle Abbazie,85,264,218,482,131,233,213,106,4,9,2,21,25,8,43,0,0,0,13722000,22,0,1940
2012,Parco Forlanini - Ortica,24,544,466,1010,150,309,536,286,27,11,7,53,86,38,127,0,0,0,2925814 .52,16,1,3800
2012,Parco Lambro - Cimiano,18,9196,10779,19975,2729,3101,10094,4541,1038,156,282,545,602,2092,5782,7,4,3,4971969 .5,61,3,1940
2012,Parco Monlué - Ponte Lambro,31,2615,2441,5056,993,1796,2245,1031,88,43,33,208,274,145,697,1,1,0,2639289 .21,21,0,3430
2012,Parco Nord,84,73,62,135,19,42,62,33,2,1,0,7,1,2,15,1,1,0,1533639 .39,12,0,1200
2012,Parco Sempione,8,3,0,3,2,0,1,0,0,0,0,0,0,0,0,0,0,0,470434 .33,8,0,1350
2012,Porta Romana,27,7830,8819,16649,2295,2085,8356,3800,537,156,147,543,641,1048,3479,1,2,1,1002793 .53,36,1,420
2012,Portello,67,3612,4129,7741,1062,785,3913,1737,399,56,86,167,222,799,2186,3,3,0,909636 .6,22,0,0
2012,QT 8,66,1856,2248,4104,621,430,1974,815,229,40,61,101,82,466,1108,3,2,1,1024437 .42,18,1,917
2012,Quarto Cagnino,61,4677,4933,9610,1434,939,4621,1894,242,53,83,173,198,554,2506,3,1,1,986391 .48,29,0,630
2012,Quarto Oggiaro,76,15442,16644,32086,5308,6981,15726,6921,1156,260,376,876,850,2435,7300,7,5,3,2778263 .75,47,2,840
2012,Quinto Romano,62,2422,2515,4937,692,448,2380,976,115,32,51,130,88,232,1102,1,1,0,1645859 .77,19,0,1680
2012,Quintosole,39,509,174,683,72,121,177,96,6,2,5,66,78,10,80,0,0,0,1057528 .77,4,0,0
2012,Ripamonti,38,6718,7091,13809,2129,1659,6611,2537,385,109,125,328,428,809,3504,4,2,1,1853233 .5,34,0,930
2012,Rogoredo,33,4766,4538,9304,1758,1619,4573,2034,205,129,60,257,391,379,1312,2,1,1,1200161 .64,8,0,0
2012,Ronchetto delle Rane,40,402,378,780,196,127,313,95,14,6,1,12,5,26,88,0,0,0,188870 .6,1,0,0
2012,Ronchetto sul Naviglio,48,7082,7688,14770,2002,1865,7451,3223,455,100,155,401,451,985,4104,4,4,3,2406775 .2,39,0,4430
2012,S. Cristoforo,45,6387,6809,13196,1933,2434,7106,3653,398,105,126,407,512,776,2969,5,1,1,1596174 .14,37,0,4200
2012,S. Siro,60,6354,6814,13168,2506,2696,5902,1998,352,88,115,353,415,875,2869,7,9,4,3435307 .37,65,0,0
2012,Sacco,74,141,117,258,39,45,119,45,2,3,0,12,2,10,48,0,0,0,708465 .8,4,0,2204
2012,Sarpi,69,13806,16062,29868,4641,5382,14667,6736,997,303,267,841,1146,2058,6228,4,4,3,1811914 .53,70,0,0
2012,Scalo Romana,36,5952,5434,11386,1633,3763,5636,2700,235,115,68,382,664,465,1968,0,1,0,1736727 .98,26,0,2000
2012,Selinunte,57,12697,13683,26380,4030,8775,13570,6765,1116,196,330,741,942,2077,6013,2,1,1,984925 .54,47,0,0
2012,Stadera,42,14699,15435,30134,4646,5818,15837,7683,1085,285,272,900,1163,2106,6791,9,5,3,3232237 .35,47,1,2600
2012,Stephenson,75,32,24,56,4,12,27,12,1,0,0,3,0,2,13,0,0,0,560097 .89,0,0,0
2012,Tibaldi,43,5668,6232,11900,1494,2074,6276,3155,538,91,107,360,493,967,2953,2,1,1,786214 .31,22,0,0
2012,Ticinese,6,9440,10733,20173,2735,2586,10114,4767,617,158,188,644,818,1249,4320,8,3,2,1255064 .75,37,0,184
2012,Tortona,50,6869,8306,15175,2319,1418,7350,3044,566,121,159,419,448,1163,3724,4,2,0,996786 .39,23,1,730
2012,Tre Torri,59,615,731,1346,244,165,631,260,59,14,10,39,43,112,319,0,0,0,513316 .34,14,0,780
2012,Trenno,64,2152,2078,4230,552,300,1989,785,96,20,38,220,166,200,1015,2,0,0,489710 .56,13,0,225
2012,Triulzo Superiore,32,908,600,1508,243,1042,823,511,15,16,8,67,136,29,110,0,0,0,1395022 .03,14,1,0
2012,Umbria - Molise,28,10724,12020,22744,3169,4664,11329,5218,915,208,229,597,733,1837,5414,3,1,1,1192396 .73,43,1,2910
2012,Viale Monza,16,13652,14279,27931,4149,6394,14105,6501,805,218,222,843,1133,1637,6143,9,6,2,3005623 .49,64,4,0
2012,Vigentina,5,6498,7426,13924,2184,1758,6557,2698,499,103,125,343,516,1124,3375,4,3,2,1135239 .32,39,0,0
2012,Villapizzone,71,19799,20545,40344,6339,12389,19909,9009,1471,412,468,1075,1590,2941,8447,11,8,3,3427070 .6,84,0,902
2012,Washington,51,11981,14872,26853,4337,3032,13577,6227,1099,235,263,808,979,2201,6573,4,3,3,1306450 .76,59,0,2440
2012,XXII Marzo,26,14343,17019,31362,4679,3368,15502,6918,1141,283,321,909,857,2354,7604,5,3,3,1637499 .71,68,0,1140
2012,N.D.,,0,0,0,0,0,0,0,0,99,0,0,0,0,0,0,0,0,0,0,0,0
2013,Adriano,17,7912,7608,15520,2998,3137,7008,2792,261,182,71,517,730,553,2341,4,1,0,2431560 .11,34,0,1360
2013,Affori,80,12043,11956,23999,3973,7019,11592,4898,632,230,191,956,1067,1321,4724,5,3,2,2070893 .65,21,2,1550
2013,Baggio,55,13911,15384,29295,4508,5061,14650,6543,1027,229,295,1201,1025,2184,7764,7,3,2,3478599 .96,55,0,0
2013,Bande Nere,52,19764,23672,43436,6032,6678,22044,10009,2170,317,614,1601,1518,4576,12543,15,7,7,2663880 .93,73,3,0
2013,Barona,46,7962,9012,16974,2323,2137,7898,3078,627,87,243,460,381,1419,5247,3,3,1,2006324 .59,59,0,1240
2013,Bicocca,15,3840,3723,7563,1316,1266,3562,1511,134,71,38,336,507,295,1187,0,0,0,1534521 .13,39,3,3070
2013,Bovisa,77,6669,6325,12994,1926,4637,7017,3816,438,140,89,705,768,775,2347,4,2,1,1913132 .63,27,1,3470
2013,Bovisasca,81,3439,3824,7263,1097,978,3317,1228,237,45,112,234,176,620,1955,3,1,1,1576826 .44,23,0,0
2013,Brera,2,8158,9693,17851,2795,2611,8907,4034,602,140,175,921,798,1217,4139,6,6,5,1637395 .23,63,4,1354
2013,Bruzzano,83,6168,6396,12564,2012,2311,6005,2362,331,114,101,430,420,734,2885,3,2,1,1667691 .29,21,1,0
2013,Buenos Aires - Venezia,21,28699,32818,61517,9120,8401,30475,13490,2082,516,569,2510,2450,4309,14038,10,5,4,2877542 .27,119,5,1220
2013,Cantalupa,47,238,229,467,77,71,229,103,3,7,2,25,12,5,80,0,0,0,926716 .81,2,0,1460
2013,Cascina Triulza - Expo,73,441,71,512,13,66,27,13,0,1,3,62,151,0,18,0,0,0,1729126 .9,1,0,2204
2013,Centrale,10,8924,8669,17593,2455,4356,8549,3800,509,128,149,965,990,1107,3606,3,3,3,1556077 .52,65,5,878
2013,Chiaravalle,34,579,539,1118,147,152,529,221,23,4,11,36,28,48,220,1,0,0,311640 .12,4,0,0
2013,Città Studi,22,16756,19707,36463,4895,5919,18381,8385,1593,257,395,1410,1389,3229,9383,7,8,5,2207487 .44,88,2,564
2013,Comasina,82,4681,4757,9438,1704,3114,4443,1877,344,107,101,456,385,660,1918,3,2,2,926734 .56,24,1,0
2013,Corsica,25,8661,10330,18991,2652,2944,9378,4121,766,159,208,699,706,1646,4754,6,3,3,1081329 .7,35,2,1930
2013,De Angeli - Monte Rosa,58,9316,11439,20755,3201,2746,10388,4783,826,167,239,774,852,1741,5193,3,2,3,1323078 .54,249,2,1550
2013,Dergano,79,11684,10501,22185,3597,7773,10829,5070,552,218,161,1107,1287,1161,3872,3,3,3,1358615 .04,29,3,325
2013,Duomo,1,7904,8726,16630,2618,2374,8199,3742,518,136,140,1091,837,1052,3707,4,4,3,2341704 .07,106,8,0
2013,Ex OM - Morivione,37,3707,4090,7797,1322,1373,3605,1545,199,77,125,286,356,568,1643,3,2,1,817976 .68,10,0,510
2013,Farini,78,2111,1863,3974,563,1463,1944,882,82,48,27,243,287,156,611,0,0,0,1010230 .89,17,0,325
2013,Figino,63,848,880,1728,269,303,862,396,46,14,17,47,63,99,353,2,2,1,1424713 .85,11,0,0
2013,Forze Armate,56,11246,12539,23785,3482,4039,12008,5480,819,165,254,880,808,1675,6158,7,5,2,3206902 .39,66,2,0
2013,Gallaratese,65,15188,17328,32516,4345,2835,16548,7322,1442,196,431,802,782,3296,11480,6,6,3,3894538 .21,87,5,2570
2013,Garibaldi Repubblica,9,2464,2730,5194,687,767,2537,1174,176,53,45,295,279,359,1105,1,0,0,785668 .25,27,2,1290
2013,Ghisolfa,70,8159,9178,17337,2691,3137,8613,3769,708,150,186,632,690,1425,3901,0,0,0,1051452 .21,32,0,203
2013,Giambellino,49,15122,16714,31836,5063,8180,16260,7771,1236,309,332,1247,1405,2336,7229,2,2,2,1965274 .21,57,4,1890
2013,Giardini Porta Venezia,3,23,24,47,6,8,20,8,0,1,0,5,2,1,6,1,0,0,249646 .83,3,0,0
2013,Gratosoglio - Ticinello,41,8935,9784,18719,2922,2652,8662,3265,625,95,207,544,441,1560,5595,3,4,2,3312818 .32,37,0,2153
2013,Greco,13,7364,7773,15137,2367,3726,7432,3279,593,137,136,673,784,1227,3417,2,2,2,1768669 .43,35,0,3460
2013,Guastalla,4,6831,8108,14939,2255,2047,7371,3215,524,109,137,696,602,1111,3662,6,7,9,1548020 .74,52,2,0
2013,Isola,11,10795,11478,22273,3115,4338,10982,4884,725,208,192,1257,1175,1493,4707,3,2,2,1322966 .34,53,1,285
2013,Lambrate,23,5195,5407,10602,1801,2189,5067,2331,293,104,103,421,452,704,2044,5,4,2,3096861 .87,39,0,1595
2013,Lodi - Corvetto,35,17465,18698,36163,5287,9341,18089,8223,1469,320,421,1646,1743,2989,8865,9,7,4,3639092 .52,54,4,1680
2013,Lorenteggio,53,6254,7068,13322,2081,1893,6271,2438,639,91,158,383,482,1462,3809,5,5,2,2635327 .1,44,0,2100
2013,Loreto,20,22914,21371,44285,6248,15708,21595,9726,1163,412,369,2643,2948,2383,7790,7,5,3,1747565 .53,56,2,640
2013,Maciachini - Maggiolina,12,12330,13676,26006,3706,5402,13063,6007,1043,209,283,1025,1016,2117,6185,8,3,2,1674980 .95,51,1,458
2013,Magenta - S. Vittore,7,7981,9250,17231,2968,2108,8310,3398,579,146,151,845,771,1195,3877,6,6,4,1390146 .88,58,4,1840
2013,Maggiore - Musocco,72,2357,2531,4888,774,772,2700,1272,184,49,49,143,163,312,1284,2,2,1,3030188 .71,47,0,0
2013,Mecenate,30,8684,10156,18840,2782,2888,9508,4201,1051,140,285,593,528,2260,5704,5,4,2,3821389 .97,86,0,1940
2013,Muggiano,54,1512,1516,3028,742,194,1337,520,38,32,11,77,78,70,315,1,1,0,444218 .42,7,0,1040
2013,Navigli,44,8026,9012,17038,2424,2516,8573,4134,526,182,153,875,857,1074,3418,4,1,0,1483927 .87,58,2,8020
2013,Niguarda - Cà Granda,14,17330,19376,36706,5329,5161,18452,8247,1509,263,445,1173,1172,3152,10187,10,6,4,4251281 .95,115,0,859
2013,Ortomercato,29,2114,2038,4152,594,1541,2052,988,155,35,42,177,211,318,922,1,1,0,1402519 .65,15,0,1400
2013,Padova,19,17920,18252,36172,5195,12280,17895,8085,1257,313,345,1841,1896,2637,7995,7,4,3,2061945 .5,49,2,650
2013,Pagano,68,7889,9078,16967,3161,1817,8090,3439,622,140,146,608,582,1324,3931,2,2,2,1289734 .29,53,1,1887
2013,Parco Agricolo Sud,87,165,157,322,74,32,135,56,7,5,1,9,32,10,38,0,0,0,5844580 .12,1,0,2750
2013,Parco Bosco in Città,88,224,233,457,117,187,221,113,9,5,1,53,70,12,64,0,0,0,7837668 .61,22,0,100
2013,Parco dei Navigli,86,175,130,305,60,47,134,65,3,5,5,18,21,4,25,0,0,0,3617836 .27,2,0,0
2013,Parco delle Abbazie,85,262,212,474,130,221,219,111,9,12,3,20,31,10,41,0,0,0,13722000,22,0,1940
2013,Parco Forlanini - Ortica,24,538,450,988,149,309,526,286,28,4,6,68,59,37,126,0,0,0,2925814 .52,16,1,3800
2013,Parco Lambro - Cimiano,18,9112,10604,19716,2695,3064,10001,4470,1054,118,256,658,693,2104,5748,7,4,3,4971969 .5,61,3,1940
2013,Parco Monlué - Ponte Lambro,31,2653,2427,5080,1005,1818,2258,1005,88,57,25,346,303,161,707,1,1,0,2639289 .21,21,0,3430
2013,Parco Nord,84,64,64,128,22,43,58,29,2,0,0,15,9,3,14,1,1,0,1533639 .39,12,0,1200
2013,Parco Sempione,8,3,0,3,1,0,1,0,0,0,0,0,0,0,0,0,0,0,470434 .33,8,0,1350
2013,Porta Romana,27,7688,8659,16347,2262,1994,8231,3744,551,148,149,673,770,1047,3458,1,2,1,1002793 .53,36,1,420
2013,Portello,67,3601,4135,7736,1082,813,3890,1726,393,45,72,189,226,794,2189,3,3,1,909636 .6,22,0,0
2013,QT 8,66,1821,2196,4017,615,421,1943,811,227,30,64,123,112,453,1077,3,2,1,1024437 .42,18,1,917
2013,Quarto Cagnino,61,4605,4848,9453,1411,927,4552,1845,254,55,95,205,231,609,2505,3,1,1,986391 .48,29,0,630
2013,Quarto Oggiaro,76,15096,16266,31362,5160,6952,15397,6775,1158,224,376,1154,921,2447,7220,7,5,3,2778263 .75,47,2,840
2013,Quinto Romano,62,2386,2481,4867,665,456,2363,958,116,22,29,126,118,248,1134,1,1,0,1645859 .77,19,0,1680
2013,Quintosole,39,573,171,744,75,135,174,98,7,7,9,74,148,9,89,0,0,0,1057528 .77,4,0,0
2013,Ripamonti,38,6696,7071,13767,2134,1707,6629,2507,404,114,97,425,507,855,3550,4,2,1,1853233 .5,34,0,930
2013,Rogoredo,33,4830,4552,9382,1837,1718,4599,2055,198,153,62,363,433,376,1332,2,1,1,1200161 .64,8,0,0
2013,Ronchetto delle Rane,40,412,374,786,192,132,317,97,15,5,1,11,13,28,94,0,0,0,188870 .6,1,0,0
2013,Ronchetto sul Naviglio,48,6997,7625,14622,2062,1874,7402,3201,493,128,155,489,433,1050,4108,4,4,3,2406775 .2,39,0,4430
2013,S. Cristoforo,45,6311,6766,13077,1950,2428,7022,3583,399,132,128,523,543,775,2996,5,1,1,1596174 .14,37,0,4200
2013,S. Siro,60,6237,6656,12893,2387,2594,5851,2011,362,77,115,559,505,876,2865,6,8,4,3435307 .37,65,0,0
2013,Sacco,74,138,111,249,37,47,114,42,4,4,1,12,9,12,46,0,0,0,708465 .8,4,0,2204
2013,Sarpi,69,13768,16009,29777,4722,5356,14580,6648,995,319,269,1241,1351,2055,6188,4,4,3,1811914 .53,70,0,0
2013,Scalo Romana,36,6071,5491,11562,1689,3983,5743,2776,247,116,75,599,945,484,1996,0,1,0,1736727 .98,26,0,2000
2013,Selinunte,57,12689,13653,26342,4200,9136,13493,6693,1101,276,297,1380,1464,2049,5878,2,1,0,984925 .54,47,0,0
2013,Stadera,42,14750,15500,30250,4752,6059,15912,7648,1116,272,265,1058,1216,2171,6785,8,5,3,3232237 .35,47,1,2600
2013,Stephenson,75,34,25,59,6,12,27,11,1,2,0,2,4,3,13,0,0,0,560097 .89,0,0,0
2013,Tibaldi,43,5599,6100,11699,1477,2092,6170,3115,529,97,118,534,554,951,2935,2,1,1,786214 .31,22,0,0
2013,Ticinese,6,9314,10637,19951,2712,2555,10043,4698,612,168,159,868,963,1257,4337,8,3,2,1255064 .75,37,0,184
2013,Tortona,50,6790,8193,14983,2322,1431,7250,3010,569,128,158,522,505,1173,3686,4,2,0,996786 .39,23,1,730
2013,Tre Torri,59,641,774,1415,272,193,652,270,64,8,15,48,37,120,326,0,0,0,513316 .34,14,0,780
2013,Trenno,64,2122,2044,4166,546,270,1972,779,96,23,29,178,202,205,1069,2,0,0,489710 .56,13,0,225
2013,Triulzo Superiore,32,896,617,1513,257,1035,810,494,17,16,4,149,154,31,117,0,0,0,1395022 .03,14,1,0
2013,Umbria - Molise,28,10684,11910,22594,3192,4716,11290,5186,901,205,247,1030,1035,1819,5349,3,1,1,1192396 .73,43,1,2910
2013,Viale Monza,16,13637,14243,27880,4201,6507,14150,6519,845,282,236,1154,1234,1729,6248,9,6,2,3005623 .49,64,4,0
2013,Vigentina,5,6396,7279,13675,2150,1701,6460,2670,516,104,129,621,591,1145,3358,4,3,3,1135239 .32,39,0,0
2013,Villapizzone,71,19759,20482,40241,6403,12721,19886,8973,1478,373,413,1795,1906,2941,8416,11,8,3,3427070 .6,84,0,902
2013,Washington,51,11757,14634,26391,4246,2913,13397,6124,1131,216,254,1009,857,2227,6550,4,3,3,1306450 .76,59,0,2440
2013,XXII Marzo,26,14078,16721,30799,4534,3210,15290,6838,1174,228,290,1220,1134,2420,7621,5,3,3,1637499 .71,68,0,1140
2014,Adriano,17,7966,7681,15647,3020,3171,7075,2818,279,161,87,564,535,576,2405,3,1,0,2431560 .11,34,0,1360
2014,Affori,80,12021,12017,24038,3999,6844,11672,4950,667,265,181,1066,938,1395,4793,6,3,2,2070893 .65,21,2,1550
2014,Baggio,55,13987,15435,29422,4625,5098,14721,6593,1090,237,307,851,837,2312,7846,7,3,2,3478599 .96,55,0,0
2014,Bande Nere,52,19652,23638,43290,6077,6343,22025,10011,2243,337,565,1592,1510,4732,12542,15,7,7,2663880 .93,73,3,0
2014,Barona,46,7964,9057,17021,2357,2190,7921,3132,687,98,217,376,319,1507,5320,3,3,1,2006324 .59,59,0,1240
2014,Bicocca,15,4086,3952,8038,1410,1304,3827,1617,141,102,35,363,535,309,1247,0,0,0,1534521 .13,39,3,3070
2014,Bovisa,77,6609,6393,13002,1978,4527,7044,3833,440,136,91,656,609,777,2359,4,2,1,1913132 .63,27,1,3470
2014,Bovisasca,81,3411,3811,7222,1091,935,3334,1234,255,53,100,190,157,640,1964,3,1,1,1576826 .44,23,0,0
2014,Brera,2,8275,9574,17849,2848,2430,8938,4115,616,155,148,944,874,1224,4174,6,6,5,1637395 .23,63,4,1354
2014,Bruzzano,83,6176,6523,12699,2079,2290,6099,2385,341,139,106,415,340,795,2973,3,2,1,1667691 .29,21,1,0
2014,Buenos Aires - Venezia,21,28309,32571,60880,9113,7410,30288,13456,2142,479,510,2787,2384,4409,14170,9,5,4,2877542 .27,119,5,1220
2014,Cantalupa,47,250,237,487,82,77,252,118,4,4,2,8,26,6,83,0,0,0,926716 .81,2,0,1460
2014,Cascina Triulza - Expo,73,552,75,627,14,81,22,8,0,0,1,93,185,0,27,0,0,0,1729126 .9,1,0,2204
2014,Centrale,10,8862,8594,17456,2446,4119,8457,3752,524,153,130,877,922,1124,3618,3,3,3,1556077 .52,65,5,878
2014,Chiaravalle,34,561,545,1106,147,149,528,214,24,5,12,45,22,51,231,1,0,0,311640 .12,4,0,0
2014,Città Studi,22,16518,19619,36137,4938,5462,18240,8341,1617,291,382,1542,1294,3263,9356,7,8,5,2207487 .44,88,2,564
2014,Comasina,82,4649,4778,9427,1753,3033,4385,1885,369,89,82,350,297,674,1925,3,2,2,926734 .56,24,1,0
2014,Corsica,25,8658,10286,18944,2668,2770,9390,4127,803,174,179,692,644,1709,4789,5,3,3,1081329 .7,35,2,1930
2014,De Angeli - Monte Rosa,58,9238,11361,20599,3192,2458,10352,4741,819,134,216,961,786,1768,5163,3,2,3,1323078 .54,249,2,1550
2014,Dergano,79,11536,10679,22215,3705,7636,10861,5083,594,229,143,1023,1088,1242,3892,3,3,3,1358615 .04,29,3,325
2014,Duomo,1,7867,8535,16402,2614,2046,8073,3645,513,140,138,836,780,1051,3661,4,4,3,2341704 .07,106,8,0
2014,Ex OM - Morivione,37,3672,4031,7703,1327,1285,3548,1495,203,69,115,362,264,565,1667,3,2,1,817976 .68,10,0,510
2014,Farini,78,2064,1870,3934,559,1416,1924,853,77,36,27,219,243,155,619,0,0,0,1010230 .89,17,0,325
2014,Figino,63,834,870,1704,268,297,837,378,44,10,16,85,55,96,360,2,2,1,1424713 .85,11,0,0
2014,Forze Armate,56,11505,12787,24292,3624,4097,12313,5643,868,199,257,656,755,1758,6241,7,5,2,3206902 .39,66,2,0
2014,Gallaratese,65,15136,17345,32481,4368,2845,16564,7385,1572,169,403,760,708,3572,11466,6,6,3,3894538 .21,87,5,2570
2014,Garibaldi Repubblica,9,2509,2766,5275,699,721,2599,1198,176,57,64,232,271,366,1124,1,0,0,785668 .25,27,2,1290
2014,Ghisolfa,70,8120,9131,17251,2720,2976,8546,3729,729,145,159,681,593,1439,3896,0,0,0,1051452 .21,32,0,203
2014,Giambellino,49,14986,16703,31689,5201,8004,16214,7714,1269,303,279,1306,1267,2385,7169,2,2,2,1965274 .21,57,4,1890
2014,Giardini Porta Venezia,3,27,25,52,12,10,18,5,0,2,0,6,4,1,5,1,0,0,249646 .83,3,0,0
2014,Gratosoglio - Ticinello,41,8815,9814,18629,2912,2614,8622,3277,701,98,187,570,318,1702,5615,3,4,2,3312818 .32,37,0,2153
2014,Greco,13,7316,7793,15109,2352,3660,7424,3292,613,134,133,624,630,1263,3422,2,2,2,1768669 .43,35,0,3460
2014,Guastalla,4,6821,8071,14892,2280,1847,7387,3227,535,109,125,621,563,1146,3671,6,7,9,1548020 .74,52,2,0
2014,Isola,11,10843,11528,22371,3167,4104,11060,4968,728,235,195,979,1121,1498,4674,3,2,2,1322966 .34,53,1,285
2014,Lambrate,23,5099,5416,10515,1802,2026,5079,2336,317,91,123,470,371,740,2073,5,4,2,3096861 .87,39,0,1595
2014,Lodi - Corvetto,35,17219,18679,35898,5363,9018,17987,8190,1536,309,409,1511,1333,3119,8848,9,7,4,3639092 .52,54,4,1680
2014,Lorenteggio,53,6306,7064,13370,2084,1902,6332,2504,659,98,177,383,371,1482,3805,5,5,2,2635327 .1,44,0,2100
2014,Loreto,20,22408,21365,43773,6332,15049,21416,9672,1200,427,339,2713,2417,2435,7827,7,5,3,1747565 .53,56,2,640
2014,Maciachini - Maggiolina,12,12277,13657,25934,3773,5197,12997,5993,1065,212,239,972,996,2147,6213,8,3,2,1674980 .95,51,1,458
2014,Magenta - S. Vittore,7,7879,9194,17073,2955,1839,8244,3343,582,139,151,801,649,1221,3912,6,6,4,1390146 .88,58,4,1840
2014,Maggiore - Musocco,72,2374,2547,4921,801,762,2710,1258,179,51,41,158,127,326,1328,2,2,1,3030188 .71,47,0,0
2014,Mecenate,30,8729,10204,18933,2807,2911,9617,4289,1116,128,225,539,538,2359,5646,5,4,2,3821389 .97,86,0,1940
2014,Muggiano,54,1517,1543,3060,743,205,1345,512,39,39,6,82,53,75,327,1,1,0,444218 .42,7,0,1040
2014,Navigli,44,7981,9015,16996,2440,2261,8537,4133,539,191,131,746,759,1087,3426,4,1,0,1483927 .87,58,2,8020
2014,Niguarda - Cà Granda,14,17318,19402,36720,5402,5005,18464,8269,1568,271,414,1204,901,3288,10198,10,6,4,4251281 .95,115,0,859
2014,Ortomercato,29,2109,2043,4152,627,1532,2063,996,160,48,31,216,217,318,906,1,1,0,1402519 .65,15,0,1400
2014,Padova,19,17687,18336,36023,5307,12056,17854,8087,1321,335,299,1652,1519,2756,8015,7,4,3,2061945 .5,49,2,650
2014,Pagano,68,7883,8995,16878,3099,1589,8041,3416,646,107,141,550,500,1358,4001,2,2,2,1289734 .29,53,1,1887
2014,Parco Agricolo Sud,87,171,153,324,73,36,141,59,7,7,4,15,14,13,43,0,0,0,5844580 .12,1,0,2750
2014,Parco Bosco in Città,88,224,223,447,112,176,205,103,8,4,4,27,22,11,67,0,0,0,7837668 .61,22,0,100
2014,Parco dei Navigli,86,177,126,303,58,44,129,60,2,4,1,15,13,4,24,0,0,0,3617836 .27,2,0,0
2014,Parco delle Abbazie,85,249,221,470,133,206,215,100,7,11,1,37,15,10,43,0,0,0,13722000,22,0,1940
2014,Parco Forlanini - Ortica,24,519,435,954,143,289,508,277,25,9,5,76,48,33,125,0,0,0,2925814 .52,16,1,3800
2014,Parco Lambro - Cimiano,18,9081,10561,19642,2765,2939,9965,4466,1099,161,236,740,619,2183,5752,7,4,3,4971969 .5,61,3,1940
2014,Parco Monlué - Ponte Lambro,31,2697,2415,5112,1020,1803,2218,956,95,60,21,335,313,171,749,1,1,0,2639289 .21,21,0,3430
2014,Parco Nord,84,46,54,100,19,28,48,21,2,1,0,20,2,3,15,1,1,0,1533639 .39,12,0,1200
2014,Parco Sempione,8,3,0,3,1,0,1,0,0,0,0,0,0,0,0,0,0,0,470434 .33,8,0,1350
2014,Porta Romana,27,7598,8619,16217,2239,1697,8271,3782,561,148,116,700,661,1080,3508,1,2,1,1002793 .53,36,1,420
2014,Portello,67,3630,4170,7800,1124,743,3923,1754,401,59,86,263,211,804,2182,3,3,1,909636 .6,22,0,0
2014,QT 8,66,1836,2207,4043,642,386,1951,836,240,32,50,113,109,448,1087,3,2,1,1024437 .42,18,1,917
2014,Quarto Cagnino,61,4541,4854,9395,1388,882,4539,1869,268,59,94,243,192,648,2551,3,1,1,986391 .48,29,0,630
2014,Quarto Oggiaro,76,14874,16168,31042,5190,6756,15308,6759,1212,254,330,1108,717,2511,7222,7,5,3,2778263 .75,47,2,840
2014,Quinto Romano,62,2352,2457,4809,657,419,2324,922,124,37,52,147,82,264,1163,1,1,0,1645859 .77,19,0,1680
2014,Quintosole,39,632,160,792,70,138,165,93,8,2,1,92,142,17,101,0,0,0,1057528 .77,4,0,0
2014,Ripamonti,38,6755,7178,13933,2218,1677,6698,2548,444,119,96,471,389,932,3632,4,2,1,1853233 .5,34,0,930
2014,Rogoredo,33,4992,4760,9752,1977,1884,4799,2160,198,116,62,338,322,386,1370,2,1,1,1200161 .64,8,0,0
2014,Ronchetto delle Rane,40,406,371,777,177,127,312,88,16,5,4,14,7,31,100,0,0,0,188870 .6,1,0,0
2014,Ronchetto sul Naviglio,48,6963,7641,14604,2071,1775,7424,3232,537,119,134,505,390,1138,4174,4,4,3,2406775 .2,39,0,4430
2014,S. Cristoforo,45,6347,6776,13123,2021,2418,7086,3574,405,133,121,440,481,813,3024,5,1,1,1596174 .14,37,0,4200
2014,S. Siro,60,5995,6486,12481,2311,2116,5742,1963,364,98,118,834,407,925,2897,6,8,4,3435307 .37,65,0,0
2014,Sacco,74,138,115,253,39,50,123,50,3,2,1,11,12,12,53,0,0,0,708465 .8,4,0,2204
2014,Sarpi,69,13591,15920,29511,4724,4878,14530,6660,1018,266,246,1349,1144,2101,6224,5,4,3,1811914 .53,70,0,0
2014,Scalo Romana,36,6110,5551,11661,1709,3984,5813,2816,257,93,73,642,694,522,2065,0,1,0,1736727 .98,26,0,2000
2014,Selinunte,57,12732,13805,26537,4469,9256,13580,6748,1137,297,258,1257,1460,2061,5857,2,1,0,984925 .54,47,0,0
2014,Stadera,42,14563,15349,29912,4818,5886,15813,7619,1163,276,289,1257,899,2272,6774,8,5,3,3232237 .35,47,1,2600
2014,Stephenson,75,44,33,77,10,20,34,14,1,0,0,2,5,3,17,0,0,0,560097 .89,0,0,0
2014,Tibaldi,43,5451,6036,11487,1425,1918,6114,3092,540,79,89,624,468,982,2954,2,1,1,786214 .31,22,0,0
2014,Ticinese,6,9056,10542,19598,2706,2130,9866,4630,654,162,177,941,752,1310,4364,8,3,2,1255064 .75,37,0,184
2014,Tortona,50,6728,8139,14867,2338,1224,7231,2999,564,106,155,520,446,1176,3668,4,2,0,996786 .39,23,1,730
2014,Tre Torri,59,740,849,1589,313,205,732,294,60,9,15,57,82,116,348,0,0,0,513316 .34,14,0,780
2014,Trenno,64,2126,2028,4154,527,294,1959,762,99,14,26,162,172,231,1118,2,0,0,489710 .56,13,0,225
2014,Triulzo Superiore,32,891,622,1513,274,1044,801,475,16,28,8,127,109,29,113,0,0,0,1395022 .03,14,1,0
2014,Umbria - Molise,28,10523,11791,22314,3247,4405,11168,5144,909,208,230,856,836,1847,5299,3,1,1,1192396 .73,43,1,2910
2014,Viale Monza,16,13675,14474,28149,4383,6481,14333,6605,878,299,232,1136,1147,1812,6390,10,6,2,3005623 .49,64,4,0
2014,Vigentina,5,6277,7271,13548,2180,1452,6391,2632,534,91,132,546,449,1185,3388,4,3,3,1135239 .32,39,0,0
2014,Villapizzone,71,19514,20475,39989,6487,12507,19763,8924,1490,403,418,1765,1608,2945,8384,11,8,3,3427070 .6,84,0,902
2014,Washington,51,11759,14523,26282,4213,2559,13378,6127,1143,221,243,973,889,2260,6577,4,3,3,1306450 .76,59,0,2440
2014,XXII Marzo,26,14193,16787,30980,4628,2901,15412,6900,1199,258,309,1029,1092,2446,7643,5,3,3,1637499 .71,68,0,1140
2014,N.D.,,0,0,0,0,0,0,0,0,0,0,0,1,0,0,0,0,0,0,0,0,0
2015,Adriano,17,8191,7800,15991,3043,3342,7184,2867,295,150,107,351,537,605,2440,4,1,0,2431560 .11,34,0,1360
2015,Affori,80,12254,12286,24540,4110,7125,11865,5017,692,249,188,565,854,1452,4835,6,3,2,2070893 .65,21,2,1550
2015,Baggio,55,14042,15506,29548,4665,5302,14801,6662,1143,224,350,588,738,2440,7866,7,3,2,3478599 .96,55,0,0
2015,Bande Nere,52,19828,23779,43607,6140,6597,22139,10121,2310,332,665,943,1330,4889,12504,15,7,7,2663880 .93,73,3,0
2015,Barona,46,7878,8926,16804,2307,2171,7859,3148,697,86,241,354,226,1529,5295,3,3,1,2006324 .59,59,0,1240
2015,Bicocca,15,4170,4054,8224,1470,1322,3900,1629,137,109,44,241,396,322,1268,0,0,0,1534521 .13,39,3,3070
2015,Bovisa,77,6849,6568,13417,2071,4751,7260,3951,441,118,109,358,687,786,2370,4,2,1,1913132 .63,27,1,3470
2015,Bovisasca,81,3363,3745,7108,1070,932,3316,1256,262,48,104,166,145,648,1957,3,1,1,1576826 .44,23,0,0
2015,Brera,2,8322,9549,17871,2863,2471,8962,4127,601,143,160,635,807,1231,4141,5,5,3,1637395 .23,63,4,1354
2015,Bruzzano,83,6254,6588,12842,2130,2368,6137,2409,342,111,113,292,341,820,3024,3,2,1,1667691 .29,21,1,0
2015,Buenos Aires - Venezia,21,28512,32690,61202,9133,7456,30403,13555,2156,457,557,1509,2179,4502,14228,9,5,4,2877542 .27,119,5,1220
2015,Cantalupa,47,247,229,476,71,70,245,109,5,1,1,20,14,10,89,0,0,0,926716 .81,2,0,1460
2015,Cascina Triulza - Expo,73,623,93,716,14,121,21,7,0,0,1,61,151,1,32,0,0,0,1729126 .9,1,0,2204
2015,Centrale,10,9131,8705,17836,2469,4384,8621,3889,522,155,147,517,912,1118,3614,3,3,3,1556077 .52,65,5,878
2015,Chiaravalle,34,551,535,1086,139,149,528,215,31,7,6,38,15,56,246,1,0,0,311640 .12,4,0,0
2015,Città Studi,22,16553,19491,36044,4941,5395,18157,8320,1599,292,420,874,1035,3259,9279,7,8,5,2207487 .44,88,2,564
2015,Comasina,82,4675,4774,9449,1754,3031,4366,1854,361,87,99,244,236,668,1906,3,2,2,926734 .56,24,1,0
2015,Corsica,25,8766,10320,19086,2702,2797,9465,4134,785,163,206,439,625,1698,4758,5,3,3,1081329 .7,35,2,1930
2015,De Angeli - Monte Rosa,58,9259,11338,20597,3178,2468,10347,4773,847,170,228,539,674,1806,5125,3,2,3,1323078 .54,249,2,1550
2015,Dergano,79,11784,10785,22569,3734,7899,11048,5200,605,214,169,572,963,1260,3914,3,3,3,1358615 .04,29,3,325
2015,Duomo,1,7965,8669,16634,2693,2077,8198,3738,524,157,122,490,820,1077,3684,4,4,3,2341704 .07,106,8,0
2015,Ex OM - Morivione,37,3673,4001,7674,1323,1287,3537,1512,203,70,117,199,275,582,1656,2,2,1,817976 .68,10,0,510
2015,Farini,78,2093,1883,3976,592,1465,1924,843,84,50,30,118,184,162,622,0,0,0,1010230 .89,17,0,325
2015,Figino,63,951,985,1936,336,393,952,414,44,15,17,36,85,100,391,2,2,1,1424713 .85,11,0,0
2015,Forze Armate,56,11511,12756,24267,3656,4220,12268,5718,889,183,257,536,608,1809,6267,7,6,2,3206902 .39,66,2,0
2015,Gallaratese,65,14923,17210,32133,4260,2885,16419,7380,1657,171,490,680,682,3804,11281,6,6,3,3894538 .21,87,5,2570
2015,Garibaldi Repubblica,9,2517,2770,5287,704,709,2616,1199,178,53,48,210,279,370,1139,1,0,0,785668 .25,27,2,1290
2015,Ghisolfa,70,8207,9245,17452,2749,3034,8626,3771,732,173,171,407,565,1436,3893,0,0,0,1051452 .21,32,0,203
2015,Giambellino,49,14945,16643,31588,5190,8035,16074,7670,1281,268,312,821,931,2418,7124,2,2,2,1965274 .21,57,4,1890
2015,Giardini Porta Venezia,3,28,27,55,10,14,22,8,1,1,0,1,5,2,6,1,0,0,249646 .83,3,0,0
2015,Gratosoglio - Ticinello,41,8835,9893,18728,2966,2659,8646,3314,762,110,242,499,382,1840,5566,3,4,2,3312818 .32,37,0,2153
2015,Greco,13,7424,7822,15246,2377,3756,7471,3334,616,151,151,415,598,1263,3406,2,2,2,1768669 .43,35,0,3460
2015,Guastalla,4,6838,8091,14929,2305,1844,7404,3224,530,122,147,414,548,1147,3696,6,7,9,1548020 .74,52,2,0
2015,Isola,11,10966,11637,22603,3218,4172,11163,5012,721,202,210,545,918,1512,4652,3,2,2,1322966 .34,53,1,285
2015,Lambrate,23,5350,5648,10998,1900,2060,5326,2430,323,116,109,258,427,780,2122,6,4,2,3096861 .87,39,0,1595
2015,Lodi - Corvetto,35,17350,18752,36102,5468,9242,18045,8224,1535,322,461,957,1175,3147,8770,9,7,4,3639092 .52,54,4,1680
2015,Lorenteggio,53,6445,7234,13679,2159,1965,6496,2582,652,78,197,240,323,1488,3741,5,4,2,2635327 .1,44,0,2100
2015,Loreto,20,22836,21501,44337,6438,15401,21632,9768,1193,411,360,1294,2145,2456,7807,7,5,4,1747565 .53,56,2,640
2015,Maciachini - Maggiolina,12,12386,13634,26020,3793,5269,13035,6029,1055,224,276,572,778,2155,6214,8,3,2,1674980 .95,51,1,458
2015,Magenta - S. Vittore,7,8006,9258,17264,3002,1854,8288,3385,589,146,161,444,0,1236,3925,5,6,4,1390146 .88,58,4,1840
2015,Maggiore - Musocco,72,2386,2565,4951,815,823,2708,1267,178,39,57,97,130,330,1326,2,2,1,3030188 .71,47,0,0
2015,Mecenate,30,8837,10185,19022,2829,3035,9681,4343,1137,118,309,377,453,2422,5504,5,4,2,3821389 .97,86,0,1940
2015,Muggiano,54,1524,1537,3061,749,203,1351,508,37,27,12,54,39,76,334,1,1,0,444218 .42,7,0,1040
2015,Navigli,44,8023,9057,17080,2510,2277,8592,4170,541,191,160,488,640,1089,3420,4,1,0,1483927 .87,58,2,8020
2015,Niguarda - Cà Granda,14,17289,19272,36561,5384,5093,18369,8261,1596,272,438,893,751,3376,10098,10,6,4,4251281 .95,115,0,859
2015,Ortomercato,29,2141,2068,4209,635,1595,2091,1028,162,38,46,113,190,320,894,1,1,1,1402519 .65,15,0,1400
2015,Padova,19,17968,18466,36434,5388,12344,18028,8182,1342,325,345,884,1417,2825,8007,7,4,3,2061945 .5,49,2,650
2015,Pagano,68,7859,9037,16896,3060,1569,8083,3424,653,135,167,413,506,1371,4034,2,2,2,1289734 .29,53,1,1887
2015,Parco Agricolo Sud,87,166,158,324,72,41,140,59,8,4,2,18,12,12,46,0,0,0,5844580 .12,1,0,2750
2015,Parco Bosco in Città,88,216,222,438,111,169,200,96,5,10,4,26,20,10,69,0,0,0,7837668 .61,22,0,100
2015,Parco dei Navigli,86,173,132,305,58,46,138,62,2,1,0,12,7,4,26,0,0,0,3617836 .27,2,0,0
2015,Parco delle Abbazie,85,241,218,459,131,205,191,93,3,11,2,28,6,7,39,0,0,0,13722000,22,0,1940
2015,Parco Forlanini - Ortica,24,540,448,988,151,313,500,265,22,14,3,47,73,36,124,0,0,0,2925814 .52,16,1,3800
2015,Parco Lambro - Cimiano,18,9021,10504,19525,2766,2968,9916,4491,1114,146,250,511,567,2202,5690,7,4,3,4971969 .5,61,3,1940
2015,Parco Monlué - Ponte Lambro,31,2689,2394,5083,986,1781,2198,959,99,49,41,234,226,177,746,1,1,0,2639289 .21,21,0,3430
2015,Parco Nord,84,47,47,94,18,23,47,23,2,1,1,5,3,3,14,1,1,0,1533639 .39,12,0,1200
2015,Parco Sempione,8,3,0,3,1,0,1,0,0,0,0,0,672,0,0,0,0,0,470434 .33,8,0,1350
2015,Porta Romana,27,7610,8661,16271,2221,1708,8306,3821,553,140,162,489,730,1078,3509,1,2,1,1002793 .53,36,1,420
2015,Portello,67,3692,4216,7908,1157,783,3978,1765,373,68,102,145,264,775,2159,3,3,1,909636 .6,22,0,0
2015,QT 8,66,1856,2230,4086,645,417,1956,841,233,24,49,73,94,454,1078,3,2,1,1024437 .42,18,1,917
2015,Quarto Cagnino,61,4658,5008,9666,1462,945,4681,1929,280,75,83,118,213,691,2571,3,1,1,986391 .48,29,0,630
2015,Quarto Oggiaro,76,14894,16105,30999,5203,6872,15328,6752,1207,229,435,701,556,2523,7134,6,5,3,2778263 .75,47,2,840
2015,Quinto Romano,62,2318,2450,4768,655,438,2305,925,133,27,37,95,73,296,1189,1,1,0,1645859 .77,19,0,1680
2015,Quintosole,39,645,158,803,64,143,164,92,7,3,10,65,97,15,104,0,0,0,1057528 .77,4,0,0
2015,Ripamonti,38,6838,7285,14123,2236,1698,6814,2591,480,108,110,298,349,1013,3683,4,2,1,1853233 .5,34,0,930
2015,Rogoredo,33,5064,4853,9917,2046,1981,4799,2136,195,113,62,281,276,401,1416,2,1,1,1200161 .64,8,0,0
2015,Ronchetto delle Rane,40,395,363,758,164,116,312,88,14,2,5,17,6,31,102,0,0,0,188870 .6,1,0,0
2015,Ronchetto sul Naviglio,48,6929,7670,14599,2078,1779,7409,3226,551,104,160,325,325,1205,4187,4,4,3,2406775 .2,39,0,4430
2015,S. Cristoforo,45,6488,6894,13382,2098,2534,7188,3650,428,106,121,299,483,861,3075,4,1,1,1596174 .14,37,0,4200
2015,S. Siro,60,6040,6499,12539,2302,2150,5776,1970,375,95,121,315,393,962,2921,6,8,4,3435307 .37,65,0,0
2015,Sacco,74,138,115,253,34,52,124,50,5,1,2,7,13,12,56,0,0,0,708465 .8,4,0,2204
2015,Sarpi,69,13732,16096,29828,4850,4989,14684,6746,1016,276,297,818,1085,2111,6219,5,4,3,1811914 .53,70,0,0
2015,Scalo Romana,36,6428,5615,12043,1757,4280,5951,2882,259,107,80,362,700,543,2091,0,1,0,1736727 .98,26,0,2000
2015,Selinunte,57,12799,13835,26634,4630,9477,13579,6761,1123,285,289,671,970,2041,5773,2,1,0,984925 .54,47,0,0
2015,Stadera,42,14610,15311,29921,4851,5906,15844,7636,1177,270,297,721,860,2328,6750,8,5,3,3232237 .35,47,1,2600
2015,Stephenson,75,47,36,83,9,24,40,15,1,0,0,2,5,2,16,0,0,0,560097 .89,0,0,0
2015,Tibaldi,43,5463,6006,11469,1407,1907,6084,3106,546,95,121,323,460,1012,2913,2,1,1,786214 .31,22,0,0
2015,Ticinese,6,9068,10543,19611,2716,2122,9883,4639,662,177,172,499,726,1328,4371,9,3,2,1255064 .75,37,0,184
2015,Tortona,50,6782,8185,14967,2334,1208,7248,3002,563,101,139,301,461,1192,3701,4,2,0,996786 .39,23,1,730
2015,Tre Torri,59,835,932,1767,350,238,822,339,60,11,14,25,137,117,356,0,0,0,513316 .34,14,0,780
2015,Trenno,64,2127,2066,4193,553,314,1982,751,109,18,31,115,134,247,1162,2,0,0,489710 .56,13,0,225
2015,Triulzo Superiore,32,943,658,1601,305,1095,837,485,18,16,3,71,110,28,111,0,0,0,1395022 .03,14,1,0
2015,Umbria - Molise,28,10586,11816,22402,3295,4398,11204,5180,927,188,202,533,723,1896,5309,3,1,0,1192396 .73,43,1,2910
2015,Viale Monza,16,13829,14629,28458,4481,6614,14494,6705,898,250,251,714,1030,1896,6411,9,6,2,3005623 .49,64,4,0
2015,Vigentina,5,6259,7287,13546,2168,1471,6384,2663,528,94,144,307,470,1182,3364,4,3,3,1135239 .32,39,0,0
2015,Villapizzone,71,19761,20722,40483,6624,12894,19955,9015,1500,376,418,982,1329,2983,8409,11,8,3,3427070 .6,84,0,902
2015,Washington,51,11790,14561,26351,4206,2559,13390,6182,1133,221,265,548,810,2266,6577,4,3,3,1306450 .76,59,0,2440
2015,XXII Marzo,26,14253,16869,31122,4695,2931,15495,6975,1212,223,308,695,912,2474,7718,5,3,3,1637499 .71,68,0,1140
2015,N.D.,,0,0,0,0,0,0,0,0,0,1,1,1,0,0,0,0,0,0,0,0,0
2016,Adriano,17,8459,7972,16431,3083,3581,7353,2943,297,163,97,429,576,622,2492,4,1,0,2431560 .11,34,0,1360
2016,Affori,80,12343,12395,24738,4166,7143,11963,5088,714,250,191,664,124,1514,4863,6,3,2,2070893 .65,21,2,1550
2016,Baggio,55,14054,15527,29581,4631,5364,14841,6717,1206,216,338,703,693,2578,7877,7,3,2,3478599 .96,55,0,0
2016,Bande Nere,52,19888,23862,43750,6120,6759,22269,10258,2354,357,661,1091,1408,4948,12380,13,7,6,2663880 .93,73,3,0
2016,Barona,46,7910,8962,16872,2295,2230,8012,3268,747,102,224,345,254,1597,5353,3,3,1,2006324 .59,59,0,1240
2016,Bicocca,15,4294,4137,8431,1517,1406,3985,1670,134,104,53,260,378,337,1290,0,0,0,1534521 .13,39,3,3070
2016,Bovisa,77,7057,6685,13742,2157,4904,7439,4073,454,136,103,399,169,799,2385,4,2,1,1913132 .63,27,1,3470
2016,Bovisasca,81,3362,3708,7070,1056,914,3308,1262,266,49,97,185,244,654,1953,3,1,1,1576826 .44,23,0,0
2016,Brera,2,8320,9636,17956,2914,2456,8987,4138,586,116,165,613,834,1218,4134,5,5,3,1637395 .23,63,4,1354
2016,Bruzzano,83,6258,6610,12868,2163,2367,6161,2418,358,117,126,346,7,850,3060,3,2,1,1667691 .29,21,1,0
2016,Buenos Aires - Venezia,21,28725,32831,61556,9151,7412,30661,13773,2172,480,562,1473,2085,4549,14281,9,5,4,2877542 .27,119,5,1220
2016,Cantalupa,47,258,240,498,76,73,254,112,3,3,5,20,27,9,87,0,0,0,926716 .81,2,0,1460
2016,Cascina Triulza - Expo,73,658,94,752,12,144,21,4,0,0,0,80,130,2,36,0,0,0,1729126 .9,1,0,2204
2016,Centrale,10,9344,8731,18075,2469,4498,8732,3977,527,150,132,568,856,1136,3641,3,3,3,1556077 .52,65,5,878
2016,Chiaravalle,34,549,517,1066,130,146,522,219,28,4,10,32,14,59,254,1,0,0,311640 .12,4,0,0
2016,Città Studi,22,16647,19474,36121,4938,5324,18229,8409,1605,277,380,923,1268,3282,9224,7,8,5,2207487 .44,88,2,564
2016,Comasina,82,4691,4821,9512,1799,3036,4357,1849,349,99,75,299,275,661,1916,3,2,2,926734 .56,24,1,0
2016,Corsica,25,8923,10518,19441,2754,2822,9604,4257,794,151,177,444,619,1719,4754,5,3,3,1081329 .7,35,2,1930
2016,De Angeli - Monte Rosa,58,9451,11436,20887,3231,2529,10492,4860,853,185,232,502,798,1825,5114,3,2,3,1323078 .54,249,2,1550
2016,Dergano,79,11819,10862,22681,3743,7841,11107,5263,618,226,175,713,710,1301,3930,3,3,3,1358615 .04,29,3,325
2016,Duomo,1,8121,8782,16903,2745,2114,8360,3813,529,128,121,508,829,1105,3731,4,4,3,2341704 .07,106,8,0
2016,Ex OM - Morivione,37,3694,4021,7715,1299,1285,3565,1543,215,54,122,215,257,622,1673,2,2,1,817976 .68,10,0,510
2016,Farini,78,2085,1872,3957,588,1412,1922,834,82,48,13,147,794,174,640,0,0,0,1010230 .89,17,0,325
2016,Figino,63,1022,1038,2060,357,427,1015,431,45,13,14,43,68,103,416,2,2,1,1424713 .85,11,0,0
2016,Forze Armate,56,11512,12772,24284,3736,4280,12249,5733,900,172,276,603,594,1855,6240,7,5,2,3206902 .39,66,2,0
2016,Gallaratese,65,14831,17165,31996,4241,2938,16384,7434,1759,180,470,634,599,4027,11094,6,6,3,3894538 .21,87,5,2570
2016,Garibaldi Repubblica,9,2632,2874,5506,727,763,2738,1253,172,49,44,149,305,373,1155,1,0,0,785668 .25,27,2,1290
2016,Ghisolfa,70,8244,9394,17638,2811,3092,8734,3871,752,167,165,412,548,1420,3867,0,0,0,1051452 .21,32,0,203
2016,Giambellino,49,14949,16533,31482,5141,7995,16051,7693,1308,274,322,826,821,2447,7051,2,2,2,1965274 .21,57,4,1890
2016,Giardini Porta Venezia,3,26,24,50,8,7,21,9,1,0,0,0,6,2,6,1,0,0,249646 .83,3,0,0
2016,Gratosoglio - Ticinello,41,8894,9882,18776,2958,2722,8656,3345,812,92,247,359,314,1950,5495,3,4,2,3312818 .32,37,0,2153
2016,Greco,13,7499,7895,15394,2392,3766,7540,3385,602,117,161,432,475,1279,3385,2,2,2,1768669 .43,35,0,3460
2016,Guastalla,4,6909,8117,15026,2348,1800,7433,3266,536,133,154,414,564,1130,3678,6,7,9,1548020 .74,52,2,0
2016,Isola,11,11021,11623,22644,3161,4068,11199,5057,741,209,185,723,956,1532,4638,4,3,3,1322966 .34,53,1,285
2016,Lambrate,23,5417,5717,11134,1910,2002,5407,2501,335,101,136,337,367,776,2133,6,4,2,3096861 .87,39,0,1595
2016,Lodi - Corvetto,35,17293,18756,36049,5504,9174,18030,8264,1536,309,458,1159,1058,3155,8645,9,7,4,3639092 .52,54,4,1680
2016,Lorenteggio,53,6543,7349,13892,2178,1968,6614,2662,657,110,172,318,445,1537,3715,5,4,2,2635327 .1,44,0,2100
2016,Loreto,20,23112,21593,44705,6485,15415,21814,9887,1175,398,359,1521,1923,2438,7800,7,5,4,1747565 .53,56,2,640
2016,Maciachini - Maggiolina,12,12447,13687,26134,3823,5230,13141,6122,1077,214,265,661,825,2144,6178,8,3,2,1674980 .95,51,1,458
2016,Magenta - S. Vittore,7,7990,9306,17296,2971,1847,8358,3483,593,127,154,426,684,1244,3909,5,6,4,1390146 .88,58,4,1840
2016,Maggiore - Musocco,72,2481,2653,5134,847,874,2852,1356,175,41,65,101,161,344,1309,2,2,1,3030188 .71,47,0,0
2016,Mecenate,30,8865,10178,19043,2837,3052,9668,4387,1155,151,291,452,397,2457,5406,5,4,2,3821389 .97,86,0,1940
2016,Muggiano,54,1531,1557,3088,748,204,1350,513,33,29,12,51,66,78,349,1,1,0,444218 .42,7,0,1040
2016,Navigli,44,8041,9099,17140,2552,2191,8608,4181,543,187,136,472,660,1102,3407,4,1,0,1483927 .87,58,2,8020
2016,Niguarda - Cà Granda,14,17297,19238,36535,5356,5132,18401,8329,1620,249,443,956,817,3436,10049,10,6,4,4251281 .95,115,0,859
2016,Ortomercato,29,2127,2068,4195,649,1604,2087,997,153,37,35,146,136,321,877,1,1,1,1402519 .65,15,0,1400
2016,Padova,19,18132,18586,36718,5455,12430,18128,8267,1349,340,350,1025,1201,2842,7943,7,4,3,2061945 .5,49,2,650
2016,Pagano,68,7997,9156,17153,3101,1613,8233,3542,668,128,158,351,539,1380,4048,2,2,2,1289734 .29,53,1,1887
2016,Parco Agricolo Sud,87,157,140,297,69,29,138,60,6,6,8,44,21,11,40,0,0,0,5844580 .12,1,0,2750
2016,Parco Bosco in Città,88,180,187,367,82,98,176,87,4,6,1,87,1,12,74,0,0,0,7837668 .61,22,0,100
2016,Parco dei Navigli,86,170,125,295,56,44,128,59,2,3,1,20,18,5,27,0,0,0,3617836 .27,2,0,0
2016,Parco delle Abbazie,85,236,218,454,133,188,180,87,3,11,0,27,16,8,39,0,0,0,13722000,22,0,1940
2016,Parco Forlanini - Ortica,24,675,476,1151,148,469,517,274,21,8,7,39,228,35,127,0,0,0,2925814 .52,16,1,3800
2016,Parco Lambro - Cimiano,18,8972,10388,19360,2743,2881,9885,4488,1104,140,264,535,508,2221,5594,7,4,3,4971969 .5,61,3,1940
2016,Parco Monlué - Ponte Lambro,31,2685,2367,5052,971,1735,2231,985,94,46,42,295,221,176,728,1,1,0,2639289 .21,21,0,3430
2016,Parco Nord,84,50,51,101,19,21,47,24,2,1,1,1,10,3,13,1,1,0,1533639 .39,12,0,1200
2016,Parco Sempione,8,3,0,3,1,0,1,0,0,0,0,0,0,0,0,0,0,0,470434 .33,8,0,1350
2016,Porta Romana,27,7678,8724,16402,2248,1711,8417,3893,562,157,152,389,700,1104,3514,1,2,1,1002793 .53,36,1,420
2016,Portello,67,3769,4321,8090,1203,785,4089,1837,369,68,99,190,270,774,2173,2,2,1,909636 .6,22,0,0
2016,QT 8,66,1828,2206,4034,631,390,1960,848,229,28,51,114,71,433,1062,3,2,1,1024437 .42,18,1,917
2016,Quarto Cagnino,61,4732,5075,9807,1502,977,4762,1999,304,63,106,183,196,739,2579,3,1,1,986391 .48,29,0,630
2016,Quarto Oggiaro,76,14807,16031,30838,5167,6851,15226,6731,1215,227,356,771,525,2535,7106,6,5,3,2778263 .75,47,2,840
2016,Quinto Romano,62,2306,2440,4746,653,456,2324,942,143,24,42,102,70,318,1226,1,1,0,1645859 .77,19,0,1680
2016,Quintosole,39,631,155,786,55,144,161,90,6,0,1,74,91,15,124,0,0,0,1057528 .77,4,0,0
2016,Ripamonti,38,6957,7482,14439,2308,1754,6971,2686,506,114,129,280,355,1089,3729,4,2,1,1853233 .5,34,0,930
2016,Rogoredo,33,5129,4945,10074,2119,1964,4866,2132,210,114,67,302,322,409,1427,2,1,1,1200161 .64,8,0,0
2016,Ronchetto delle Rane,40,394,353,747,158,117,321,94,10,2,6,15,11,27,101,0,0,0,188870 .6,1,0,0
2016,Ronchetto sul Naviglio,48,6907,7647,14554,2075,1820,7327,3188,561,86,158,355,319,1284,4165,4,4,3,2406775 .2,39,0,4430
2016,S. Cristoforo,45,6616,6890,13506,2094,2561,7241,3703,436,124,129,413,584,875,3022,5,1,1,1596174 .14,37,0,4200
2016,S. Siro,60,6061,6513,12574,2276,2145,5810,2003,378,74,129,353,382,1002,2913,6,8,3,3435307 .37,65,0,0
2016,Sacco,74,142,113,255,34,56,132,51,5,4,3,3,8,14,57,0,0,0,708465 .8,4,0,2204
2016,Sarpi,69,13846,16249,30095,4926,5052,14814,6829,1013,316,301,785,1135,2115,6198,5,4,3,1811914 .53,70,0,0
2016,Scalo Romana,36,6591,5739,12330,1821,4346,6097,2978,273,103,77,384,595,569,2134,0,1,0,1736727 .98,26,0,2000
2016,Selinunte,57,12964,13926,26890,4724,9644,13661,6820,1127,258,307,761,909,2038,5680,2,1,0,984925 .54,47,0,0
2016,Stadera,42,14614,15437,30051,4898,5933,15958,7749,1217,263,282,784,743,2392,6756,8,5,3,3232237 .35,47,1,2600
2016,Stephenson,75,43,36,79,9,24,38,13,1,0,0,4,531,4,16,0,0,0,560097 .89,0,0,0
2016,Tibaldi,43,5483,6038,11521,1458,1895,6122,3131,582,103,125,309,405,1059,2891,2,1,1,786214 .31,22,0,0
2016,Ticinese,6,9004,10525,19529,2696,2055,9834,4698,671,171,192,514,742,1336,4376,7,3,2,1255064 .75,37,0,184
2016,Tortona,50,6768,8176,14944,2334,1172,7249,3041,582,127,159,313,464,1244,3697,4,2,0,996786 .39,23,1,730
2016,Tre Torri,59,935,1045,1980,425,325,900,373,71,13,9,29,122,125,367,0,0,0,513316 .34,14,0,780
2016,Trenno,64,2113,2057,4170,523,327,2004,776,123,18,22,122,114,267,1215,1,0,0,489710 .56,13,0,225
2016,Triulzo Superiore,32,945,691,1636,339,1117,838,470,16,26,7,69,81,24,115,0,0,0,1395022 .03,14,1,0
2016,Umbria - Molise,28,10686,11914,22600,3392,4440,11344,5273,937,198,229,600,739,1917,5307,3,1,0,1192396 .73,43,1,2910
2016,Viale Monza,16,14010,14731,28741,4534,6675,14693,6847,916,254,289,734,930,1945,6426,9,6,2,3005623 .49,64,4,0
2016,Vigentina,5,6292,7295,13587,2184,1421,6384,2654,531,97,124,315,485,1196,3344,4,3,3,1135239 .32,39,0,0
2016,Villapizzone,71,20015,20826,40841,6713,12928,20157,9146,1509,385,412,1004,1268,3018,8420,11,8,3,3427070 .6,84,0,902
2016,Washington,51,11938,14711,26649,4297,2546,13519,6245,1126,197,231,598,755,2273,6566,4,3,3,1306450 .76,59,0,2440
2016,XXII Marzo,26,14345,16995,31340,4696,2971,15643,7098,1224,249,286,696,1052,2514,7725,5,3,3,1637499 .71,68,0,1140
2017,Adriano,17,8778,8169,16947,3110,3921,7521,3001,308,139,73,784,462,665,2602,4,1,0,2431560 .11,34,0,1360
2017,Affori,80,12438,12455,24893,4215,7214,12023,5143,744,259,210,835,574,1556,4882,6,3,2,2070893 .65,21,2,1550
2017,Baggio,55,14062,15599,29661,4694,5541,14894,6793,1255,219,371,738,612,2692,7821,7,3,2,3478599 .96,55,0,0
2017,Bande Nere,52,20202,24028,44230,6215,7050,22522,10464,2383,340,678,1510,935,5027,12207,13,7,6,2663880 .93,73,3,0
2017,Barona,46,7963,9055,17018,2371,2376,8062,3310,796,129,274,339,310,1692,5339,3,3,1,2006324 .59,59,0,1240
2017,Bicocca,15,4310,4233,8543,1538,1444,4018,1669,142,110,39,395,280,367,1333,0,0,0,1534521 .13,39,3,3070
2017,Bovisa,77,7150,6767,13917,2163,4950,7566,4164,443,131,104,658,392,814,2377,4,2,1,1913132 .63,27,1,3470
2017,Bovisasca,81,3381,3716,7097,1057,978,3340,1306,282,42,96,171,156,678,1974,3,1,1,1576826 .44,23,0,0
2017,Brera,2,8442,9757,18199,2987,2506,9150,4264,609,152,162,1004,629,1274,4190,5,5,3,1637395 .23,63,4,1354
2017,Bruzzano,83,6298,6630,12928,2179,2469,6215,2446,376,132,119,278,253,874,3091,3,2,1,1667691 .29,21,1,0
2017,Buenos Aires - Venezia,21,28971,32920,61891,9134,7428,30864,13965,2173,446,599,2275,1430,4607,14317,9,5,4,2877542 .27,119,5,1220
2017,Cantalupa,47,262,248,510,79,81,250,113,4,3,1,29,9,16,88,0,0,0,926716 .81,2,0,1460
2017,Cascina Triulza - Expo,73,704,105,809,13,175,32,5,0,0,3,129,72,4,49,0,0,0,1729126 .9,1,0,2204
2017,Centrale,10,9670,8894,18564,2504,4822,8976,4161,545,147,156,1044,448,1163,3665,3,3,3,1556077 .52,65,5,878
2017,Chiaravalle,34,546,509,1055,125,146,519,228,29,1,8,28,25,59,265,1,0,0,311640 .12,4,0,0
2017,Città Studi,22,16754,19478,36232,4935,5303,18322,8513,1606,248,389,1331,865,3318,9171,7,8,5,2207487 .44,88,2,564
2017,Comasina,82,4691,4833,9524,1788,3107,4338,1834,339,80,87,273,290,647,1873,3,2,2,926734 .56,24,1,0
2017,Corsica,25,9016,10603,19619,2776,2848,9717,4342,808,179,200,644,426,1747,4732,5,3,3,1081329 .7,35,2,1930
2017,De Angeli - Monte Rosa,58,9590,11573,21163,3215,2585,10686,5036,892,172,211,843,462,1864,5115,3,2,3,1323078 .54,249,2,1550
2017,Dergano,79,11949,11011,22960,3805,7938,11274,5366,613,219,167,972,663,1330,3954,3,3,3,1358615 .04,29,3,325
2017,Duomo,1,8070,8812,16882,2718,2064,8394,3863,539,131,154,839,625,1145,3752,4,4,3,2341704 .07,106,8,0
2017,Ex OM - Morivione,37,3702,4008,7710,1266,1283,3563,1551,213,66,142,281,213,624,1656,2,2,1,817976 .68,10,0,510
2017,Farini,78,2094,1838,3932,576,1366,1904,829,83,39,19,168,131,189,647,0,0,0,1010230 .89,17,0,325
2017,Figino,63,1074,1096,2170,384,473,1061,472,51,16,17,79,52,105,431,2,2,1,1424713 .85,11,0,0
2017,Forze Armate,56,11515,12814,24329,3797,4393,12317,5794,922,193,241,645,567,1943,6267,7,5,2,3206902 .39,66,2,0
2017,Gallaratese,65,15013,17481,32494,4434,3465,16672,7648,1874,182,465,740,616,4271,10967,6,6,3,3894538 .21,87,5,2570
2017,Garibaldi Repubblica,9,2649,2950,5599,746,796,2791,1278,175,34,52,269,146,0,1175,1,0,0,785668 .25,27,2,1290
2017,Ghisolfa,70,8438,9507,17945,2829,3145,8842,3939,755,159,195,829,430,1428,3839,0,0,0,1051452 .21,32,0,203
2017,Giambellino,49,14880,16555,31435,5141,8081,16053,7755,1333,250,303,954,762,2497,7017,2,2,2,1965274 .21,57,4,1890
2017,Giardini Porta Venezia,3,20,18,38,5,6,19,10,1,0,0,1,0,2,6,1,0,0,249646 .83,3,0,0
2017,Gratosoglio - Ticinello,41,8854,9825,18679,2900,2732,8623,3382,855,90,220,320,363,2062,5429,3,4,2,3312818 .32,37,0,2153
2017,Greco,13,7606,7994,15600,2437,3793,7665,3440,605,133,143,574,378,1295,3382,2,2,2,1768669 .43,35,0,3460
2017,Guastalla,4,6923,8127,15050,2296,1784,7453,3295,534,84,116,548,327,1171,3721,6,7,9,1548020 .74,52,2,0
2017,Isola,11,11146,11750,22896,3204,4243,11375,5152,738,211,219,1160,608,1528,4604,4,3,3,1322966 .34,53,1,285
2017,Lambrate,23,5497,5822,11319,1921,2017,5828,2729,343,109,133,437,319,791,2136,6,4,2,3096861 .87,39,0,1595
2017,Lodi - Corvetto,35,17275,18810,36085,5533,9300,18044,8325,1528,302,467,1185,978,3155,8525,9,7,4,3639092 .52,54,4,1680
2017,Lorenteggio,53,6636,7380,14016,2213,1995,6677,2705,652,109,199,409,293,1556,3665,5,4,2,2635327 .1,44,0,2100
2017,Loreto,20,23313,21550,44863,6448,15364,21907,9971,1194,363,329,2162,1345,2525,7856,6,5,4,1747565 .53,56,2,640
2017,Maciachini - Maggiolina,12,12498,13694,26192,3814,5197,13195,6243,1101,200,241,906,639,2209,6144,8,3,2,1674980 .95,51,1,458
2017,Magenta - S. Vittore,7,8131,9337,17468,2994,1863,8449,3530,603,128,160,707,424,1256,3919,5,6,4,1390146 .88,58,4,1840
2017,Maggiore - Musocco,72,2785,2913,5698,966,985,3154,1515,169,57,55,311,85,360,1296,2,2,1,3030188 .71,47,0,0
2017,Mecenate,30,8898,10245,19143,2866,3133,9778,4496,1172,129,301,476,378,2488,5284,5,4,2,3821389 .97,86,0,1940
2017,Muggiano,54,1535,1569,3104,698,202,1381,546,39,22,4,74,61,97,373,1,1,0,444218 .42,7,0,1040
2017,Navigli,44,8053,9069,17122,2514,2168,8665,4270,550,153,169,749,480,1098,3386,4,1,0,1483927 .87,58,2,8020
2017,Niguarda - Cà Granda,14,17450,19345,36795,5415,5497,18568,8473,1657,222,472,904,886,3535,9974,10,6,4,4251281 .95,115,0,859
2017,Ortomercato,29,2152,2065,4217,645,1581,2095,1019,148,33,45,147,137,315,858,1,1,1,1402519 .65,15,0,1400
2017,Padova,19,18360,18721,37081,5554,12642,18328,8398,1376,329,360,1376,1039,2910,7866,7,4,3,2061945 .5,49,2,650
2017,Pagano,68,8167,9225,17392,3131,1648,8340,3596,669,123,179,601,358,1392,4045,2,2,2,1289734 .29,53,1,1887
2017,Parco Agricolo Sud,87,160,142,302,73,36,128,53,5,3,1,25,17,10,41,0,0,0,5844580 .12,1,0,2750
2017,Parco Bosco in Città,88,259,255,514,131,135,226,109,4,3,6,40,8,13,79,0,0,0,7837668 .61,22,0,100
2017,Parco dei Navigli,86,168,121,289,55,45,132,63,3,3,1,10,21,6,30,0,0,0,3617836 .27,2,0,0
2017,Parco delle Abbazie,85,229,216,445,136,174,174,78,4,12,1,11,18,8,38,0,0,0,13722000,22,0,1940
2017,Parco Forlanini - Ortica,24,2013,595,2608,178,1922,553,304,24,20,6,1596,74,37,127,0,0,0,2925814 .52,16,1,3800
2017,Parco Lambro - Cimiano,18,9089,10457,19546,2780,2951,10424,4806,1140,145,258,629,404,2247,5542,7,4,3,4971969 .5,61,3,1940
2017,Parco Monlué - Ponte Lambro,31,2772,2398,5170,973,1886,2249,965,95,51,41,287,172,188,737,1,1,0,2639289 .21,21,0,3430
2017,Parco Nord,84,49,51,100,18,21,42,20,2,0,0,0,5,3,13,1,1,0,1533639 .39,12,0,1200
2017,Parco Sempione,8,2,0,2,1,0,1,0,0,0,0,0,1,0,,0,0,0,470434 .33,8,0,1350
2017,Porta Romana,27,7741,8696,16437,2261,1695,8407,3934,567,134,155,692,383,1139,3514,1,2,1,1002793 .53,36,1,420
2017,Portello,67,3866,4445,8311,1270,852,4192,1892,370,72,86,306,152,796,2197,3,3,2,909636 .6,22,0,0
2017,QT 8,66,1853,2213,4066,644,415,1976,852,217,27,47,99,52,420,1058,3,2,1,1024437 .42,18,1,917
2017,Quarto Cagnino,61,4747,5124,9871,1531,1054,4814,2038,328,74,82,214,162,795,2597,3,1,1,986391 .48,29,0,630
2017,Quarto Oggiaro,76,14730,15904,30634,5056,6999,15136,6732,1233,201,371,623,771,2573,7040,6,5,3,2778263 .75,47,2,840
2017,Quinto Romano,62,2305,2401,4706,630,490,2325,951,155,19,51,79,93,340,1248,1,1,0,1645859 .77,19,0,1680
2017,Quintosole,39,697,158,855,51,143,165,90,7,1,5,138,51,18,131,0,0,0,1057528 .77,4,0,0
2017,Ripamonti,38,7067,7566,14633,2334,1775,7122,2796,537,114,139,462,337,1128,3732,4,2,1,1853233 .5,34,0,930
2017,Rogoredo,33,5179,4979,10158,2120,1935,4894,2170,215,119,68,362,289,413,1439,2,1,1,1200161 .64,8,0,0
2017,Ronchetto delle Rane,40,384,350,734,142,116,323,94,8,3,7,6,16,28,103,0,0,0,188870 .6,1,0,0
2017,Ronchetto sul Naviglio,48,6868,7649,14517,2058,1800,7379,3237,593,90,141,336,328,1359,4167,4,4,3,2406775 .2,39,0,4430
2017,S. Cristoforo,45,6680,6960,13640,2106,2654,7330,3820,449,109,131,541,386,926,3030,5,1,1,1596174 .14,37,0,4200
2017,S. Siro,60,6119,6572,12691,2242,2231,5889,2085,404,83,122,405,281,1063,2932,6,8,3,3435307 .37,65,0,0
2017,Sacco,74,143,112,255,33,61,126,52,8,2,1,2,5,16,59,0,0,0,708465 .8,4,0,2204
2017,Sarpi,69,14069,16493,30562,5014,5129,15081,6991,1003,286,275,1247,667,2126,6235,5,4,3,1811914 .53,70,0,0
2017,Scalo Romana,36,6682,5843,12525,1914,4372,6172,3021,279,142,84,624,352,595,2148,0,1,0,1736727 .98,26,0,2000
2017,Selinunte,57,12817,13759,26576,4664,9354,13521,6757,1127,261,265,899,583,2043,5628,2,1,0,984925 .54,47,0,0
2017,Stadera,42,14675,15425,30100,4885,6032,16008,7803,1203,258,349,974,627,2367,6684,8,5,3,3232237 .35,47,1,2600
2017,Stephenson,75,60,47,107,12,39,54,22,1,2,0,20,1,5,17,0,0,0,560097 .89,0,0,0
2017,Tibaldi,43,5543,6075,11618,1490,1982,6174,3169,571,95,133,557,295,1072,2876,2,1,1,786214 .31,22,0,0
2017,Ticinese,6,9036,10618,19654,2726,2053,9950,4761,677,164,163,852,511,1355,4358,7,3,2,1255064 .75,37,0,184
2017,Tortona,50,6823,8226,15049,2347,1180,7287,3054,582,113,130,455,263,1272,3707,4,2,0,996786 .39,23,1,730
2017,Tre Torri,59,1000,1112,2112,461,372,944,373,66,27,14,160,65,123,384,0,0,0,513316 .34,14,0,780
2017,Trenno,64,2090,2022,4112,499,354,2000,789,127,20,46,132,138,279,1220,1,0,0,489710 .56,13,0,225
2017,Triulzo Superiore,32,929,702,1631,339,1081,829,464,15,19,2,99,65,27,122,0,0,0,1395022 .03,14,1,0
2017,Umbria - Molise,28,10770,11956,22726,3428,4457,11393,5303,933,229,238,847,585,1926,5263,3,1,0,1192396 .73,43,1,2910
2017,Viale Monza,16,14266,14943,29209,4651,6829,15043,7104,931,259,285,1103,765,1980,6448,9,6,2,3005623 .49,64,4,0
2017,Vigentina,5,6372,7286,13658,2158,1433,6459,2704,521,74,155,486,270,1186,3293,4,3,3,1135239 .32,39,0,0
2017,Villapizzone,71,20217,20999,41216,6795,13163,20355,9276,1504,356,459,1418,1014,3022,8390,11,8,3,3427070 .6,84,0,902
2017,Washington,51,12007,14846,26853,4342,2521,13672,6377,1118,211,295,877,499,2300,6575,4,3,3,1306450 .76,59,0,2440
2017,XXII Marzo,26,14546,17121,31667,4797,3023,15812,7215,1232,248,342,1069,623,2562,7685,5,3,3,1637499 .71,68,0,1140
2018,Adriano,17,9156,8352,17508,3120,4300,7739,3135,334,152,98,437,583,730,2676,4,1,0,2431560 .11,34,0,1360
2018,Affori,80,12690,12651,25341,4250,7565,12259,5262,782,209,210,551,799,1650,4902,6,3,2,2070893 .65,21,2,1550
2018,Baggio,55,14282,15735,30017,4746,5994,15110,6971,1312,220,352,611,644,2816,7776,7,3,2,3478599 .96,55,0,0
2018,Bande Nere,52,20405,24171,44576,6204,7243,22767,10676,2441,355,636,889,1179,5167,12111,13,7,6,2663880 .93,73,3,0
2018,Barona,46,7965,9023,16988,2357,2518,8042,3357,825,82,249,305,277,1758,5347,3,3,1,2006324 .59,59,0,1240
2018,Bicocca,15,4398,4279,8677,1536,1509,4083,1707,147,97,47,245,251,374,1366,0,0,0,1534521 .13,39,3,3070
2018,Bovisa,77,7193,6793,13986,2133,4953,7639,4219,450,131,106,400,427,835,2361,3,2,1,1913132 .63,27,1,3470
2018,Bovisasca,81,3336,3701,7037,1047,1007,3314,1325,289,57,109,137,112,695,1976,3,1,1,1576826 .44,23,0,0
2018,Brera,2,8600,9901,18501,2992,2634,9315,4378,624,145,156,497,869,1350,4216,5,5,3,1637395 .23,63,4,1354
2018,Bruzzano,83,6281,6608,12889,2160,2547,6195,2470,391,97,124,272,224,919,3096,3,2,1,1667691 .29,21,1,0
2018,Buenos Aires - Venezia,21,29217,33221,62438,9171,7632,31230,14304,2228,470,586,1270,2124,4743,14418,9,5,4,2877542 .27,119,5,1220
2018,Cantalupa,47,266,249,515,78,93,248,109,3,7,2,16,16,18,93,0,0,0,926716 .81,2,0,1460
2018,Cascina Triulza - Expo,73,754,102,856,15,218,21,4,0,0,1,67,92,3,54,0,0,0,1729126 .9,1,0,2204
2018,Centrale,10,10196,9139,19335,2499,5361,9418,4481,574,138,143,510,1384,1198,3712,4,4,3,1556077 .52,65,5,878
2018,Chiaravalle,34,541,500,1041,118,142,524,232,29,5,8,17,4,60,281,1,0,0,311640 .12,4,0,0
2018,Città Studi,22,16887,19506,36393,4866,5324,18463,8649,1624,262,389,836,1029,3391,9126,7,8,5,2207487 .44,88,2,564
2018,Comasina,82,4764,4852,9616,1779,3292,4392,1866,339,89,82,299,155,643,1849,3,2,2,926734 .56,24,1,0
2018,Corsica,25,9049,10660,19709,2814,2845,9789,4413,813,150,199,416,514,1780,4746,5,3,3,1081329 .7,35,2,1930
2018,De Angeli - Monte Rosa,58,9717,11683,21400,3220,2622,10865,5183,898,181,245,446,719,1917,5120,3,2,3,1323078 .54,249,2,1550
2018,Dergano,79,12002,11145,23147,3792,8009,11410,5533,635,219,159,661,764,1388,3958,3,3,3,1358615 .04,29,3,325
2018,Duomo,1,8055,8834,16889,2625,2121,8439,3928,561,106,139,494,642,1195,3748,4,4,3,2341704 .07,106,8,0
2018,Ex OM - Morivione,37,3773,4061,7834,1273,1306,3660,1593,222,52,127,206,266,648,1659,2,2,2,817976 .68,10,0,510
2018,Farini,78,2072,1839,3911,580,1372,1896,837,90,40,23,125,133,198,646,0,0,0,1010230 .89,17,0,325
2018,Figino,63,1138,1174,2312,417,519,1130,492,46,22,19,45,76,100,440,2,2,1,1424713 .85,11,0,0
2018,Forze Armate,56,11604,12916,24520,3859,4650,12458,5931,971,182,268,473,438,2043,6306,7,5,2,3206902 .39,66,2,0
2018,Gallaratese,65,15094,17575,32669,4447,3777,16807,7802,1995,197,476,583,599,4542,10802,6,6,3,3894538 .21,87,5,2570
2018,Garibaldi Repubblica,9,2712,3014,5726,761,817,2877,1340,184,45,49,134,277,381,1206,1,0,0,785668 .25,27,2,1290
2018,Ghisolfa,70,8457,9518,17975,2792,3072,8939,4051,774,139,155,373,511,1459,3867,0,0,0,1051452 .21,32,0,203
2018,Giambellino,49,15026,16559,31585,5108,8272,16171,7904,1342,262,331,745,843,2539,6989,2,2,2,1965274 .21,57,4,1890
2018,Giardini Porta Venezia,3,20,19,39,5,6,23,11,1,0,1,0,0,2,7,1,0,0,249646 .83,3,0,0
2018,Gratosoglio - Ticinello,41,8912,9889,18801,2863,2948,8732,3460,906,99,237,363,262,2160,5351,3,4,2,3312818 .32,37,0,2153
2018,Greco,13,7775,8087,15862,2449,3911,7810,3559,609,128,160,374,456,1327,3361,2,2,2,1768669 .43,35,0,3460
2018,Guastalla,4,6980,8196,15176,2268,1782,7584,3395,558,113,138,361,472,1211,3760,6,7,9,1548020 .74,52,2,0
2018,Isola,11,11324,11808,23132,3250,4391,11525,5224,745,209,199,550,800,1592,4597,4,3,3,1322966 .34,53,1,285
2018,Lambrate,23,5587,5928,11515,1935,2073,5959,2820,351,110,123,263,311,828,2137,6,4,2,3096861 .87,39,0,1595
2018,Lodi - Corvetto,35,17405,18957,36362,5560,9600,18235,8478,1556,310,431,995,932,3232,8485,9,7,4,3639092 .52,54,4,1680
2018,Lorenteggio,53,6736,7484,14220,2233,2050,6791,2776,676,118,168,285,301,1618,3668,5,4,2,2635327 .1,44,0,2100
2018,Loreto,20,23744,21712,45456,6379,15695,22263,10241,1217,375,350,1288,1747,2596,7920,6,6,4,1747565 .53,56,2,640
2018,Maciachini - Maggiolina,12,12508,13667,26175,3752,5193,13265,6333,1102,188,256,599,680,2240,6140,8,3,2,1674980 .95,51,1,458
2018,Magenta - S. Vittore,7,8348,9526,17874,3078,1917,8649,3655,614,119,138,377,712,1313,3951,5,6,4,1390146 .88,58,4,1840
2018,Maggiore - Musocco,72,3088,3177,6265,1048,1113,3560,1771,168,58,40,66,285,401,1323,2,2,1,3030188 .71,47,0,0
2018,Mecenate,30,9093,10329,19422,2910,3349,9958,4646,1194,147,250,370,467,2496,5206,5,4,2,3821389 .97,86,0,1940
2018,Muggiano,54,1537,1584,3121,668,205,1405,555,41,17,13,65,62,105,389,1,1,0,444218 .42,7,0,1040
2018,Navigli,44,8148,9109,17257,2534,2194,8741,4327,550,182,155,437,551,1145,3363,4,1,0,1483927 .87,58,2,8020
2018,Niguarda - Cà Granda,14,17508,19388,36896,5422,5701,18669,8600,1678,248,480,870,694,3614,9869,10,6,4,4251281 .95,115,0,859
2018,Ortomercato,29,2181,2109,4290,660,1652,2115,1046,150,35,43,96,123,326,850,1,1,1,1402519 .65,15,0,1400
2018,Padova,19,18614,18917,37531,5614,12972,18597,8596,1385,307,345,1057,1098,2951,7804,7,4,4,2061945 .5,49,2,650
2018,Pagano,68,8316,9392,17708,3111,1752,8548,3756,674,128,166,293,518,1423,4098,2,2,2,1289734 .29,53,1,1887
2018,Parco Agricolo Sud,87,169,150,319,77,41,143,62,7,3,0,11,12,13,44,0,0,0,5844580 .12,1,0,2750
2018,Parco Bosco in Città,88,300,296,596,150,149,266,132,4,1,1,7,47,17,85,0,0,0,7837668 .61,22,0,100
2018,Parco dei Navigli,86,172,125,297,53,60,143,66,4,1,2,12,12,8,31,0,0,0,3617836 .27,2,0,0
2018,Parco delle Abbazie,85,228,218,446,131,182,169,75,4,9,1,13,11,8,36,0,0,0,13722000,22,0,1940
2018,Parco Forlanini - Ortica,24,2054,602,2656,186,1943,581,314,25,17,1,115,207,39,139,0,0,0,2925814 .52,16,1,3800
2018,Parco Lambro - Cimiano,18,9185,10518,19703,2788,3109,10519,4906,1160,144,257,448,486,2295,5464,7,4,3,4971969 .5,61,3,1940
2018,Parco Monlué - Ponte Lambro,31,2865,2446,5311,993,2058,2278,1002,101,60,36,194,212,211,744,1,1,0,2639289 .21,21,0,3430
2018,Parco Nord,84,48,50,98,18,18,43,21,3,1,0,2,2,5,13,1,1,0,1533639 .39,12,0,1200
2018,Parco Sempione,8,2,0,2,1,0,2,0,0,0,0,0,0,0,0,0,0,0,470434 .33,8,0,1350
2018,Porta Romana,27,7863,8837,16700,2313,1735,8550,4039,562,160,130,345,624,1155,3530,1,2,1,1002793 .53,36,1,420
2018,Portello,67,4004,4520,8524,1323,888,4289,1959,387,63,97,157,301,806,2175,3,3,2,909636 .6,22,0,0
2018,QT 8,66,1877,2263,4140,663,475,2006,863,220,29,42,69,93,429,1049,3,2,1,1024437 .42,18,1,917
2018,Quarto Cagnino,61,4788,5170,9958,1559,1115,4878,2078,348,90,112,179,165,865,2606,3,1,1,986391 .48,29,0,630
2018,Quarto Oggiaro,76,14790,15939,30729,5040,7434,15153,6760,1265,194,405,690,475,2611,7042,6,5,3,2778263 .75,47,2,840
2018,Quinto Romano,62,2321,2450,4771,643,555,2363,998,158,24,47,80,94,360,1262,1,1,0,1645859 .77,19,0,1680
2018,Quintosole,39,773,152,925,47,156,168,94,8,2,10,76,126,24,140,0,0,0,1057528 .77,4,0,0
2018,Ripamonti,38,7184,7689,14873,2374,1828,7264,2886,582,119,116,277,330,1244,3770,4,2,1,1853233 .5,34,0,930
2018,Rogoredo,33,5255,5010,10265,2113,1960,4990,2207,208,98,63,243,238,417,1472,2,1,1,1200161 .64,8,0,0
2018,Ronchetto delle Rane,40,389,352,741,135,114,329,100,10,2,4,12,9,27,110,0,0,0,188870 .6,1,0,0
2018,Ronchetto sul Naviglio,48,6901,7726,14627,2060,1866,7460,3313,624,71,160,321,358,1443,4147,4,4,3,2406775 .2,39,0,4430
2018,S. Cristoforo,45,6775,6995,13770,2100,2773,7404,3895,469,110,120,344,504,969,3035,5,1,1,1596174 .14,37,0,4200
2018,S. Siro,60,6165,6618,12783,2212,2335,5967,2119,440,78,119,296,362,1140,2959,6,8,3,3435307 .37,65,0,0
2018,Sacco,74,150,112,262,33,69,135,59,8,0,2,7,7,17,62,0,0,0,708465 .8,4,0,2204
2018,Sarpi,69,14284,16744,31028,5073,5253,15267,7102,995,253,286,629,973,2174,6230,5,4,3,1811914 .53,70,0,0
2018,Scalo Romana,36,6777,5995,12772,1968,4529,6279,3097,286,120,91,353,479,607,2165,0,1,0,1736727 .98,26,0,2000
2018,Selinunte,57,13042,13875,26917,4727,9686,13711,6925,1126,278,264,650,802,2075,5606,2,1,0,984925 .54,47,0,0
2018,Stadera,42,14767,15448,30215,4737,6088,16148,7939,1221,220,291,610,749,2458,6688,7,5,3,3232237 .35,47,1,2600
2018,Stephenson,75,69,49,118,15,45,56,22,1,3,0,2,5,6,19,0,0,0,560097 .89,0,0,0
2018,Tibaldi,43,5566,6098,11664,1484,2029,6231,3260,575,77,122,298,367,1092,2844,2,1,1,786214 .31,22,0,0
2018,Ticinese,6,9097,10650,19747,2669,2075,10037,4864,698,136,162,430,686,1419,4390,7,3,2,1255064 .75,37,0,184
2018,Tortona,50,6838,8240,15078,2322,1216,7335,3128,616,112,162,270,397,1320,3690,4,1,0,996786 .39,23,1,730
2018,Tre Torri,59,1041,1146,2187,461,388,997,386,63,22,22,70,84,126,384,0,0,0,513316 .34,14,0,780
2018,Trenno,64,2076,2023,4099,485,370,1989,816,135,23,31,81,80,305,1267,1,0,0,489710 .56,13,0,225
2018,Triulzo Superiore,32,969,729,1698,358,1139,844,469,19,17,2,51,53,29,130,0,0,0,1395022 .03,14,1,0
2018,Umbria - Molise,28,10931,12112,23043,3481,4602,11573,5445,952,205,227,501,628,1958,5257,3,1,0,1192396 .73,43,1,2910
2018,Viale Monza,16,14449,15080,29529,4593,6928,15350,7332,966,238,250,731,795,2087,6507,9,6,2,3005623 .49,64,4,0
2018,Vigentina,5,6416,7300,13716,2120,1437,6536,2769,549,88,139,284,453,1243,3294,4,3,3,1135239 .32,39,0,0
2018,Villapizzone,71,20348,21120,41468,6702,13281,20531,9438,1516,343,430,1015,1109,3073,8398,10,8,3,3427070 .6,84,0,902
2018,Washington,51,12100,14916,27016,4307,2546,13790,6464,1138,185,292,508,719,2358,6556,4,3,3,1306450 .76,59,0,2440
2018,XXII Marzo,26,14735,17255,31990,4810,3125,16029,7394,1260,233,289,584,885,2655,7709,5,3,3,1637499 .71,68,0,1140
